sk_date,full_date,year,quarter,month,month_name,week_of_year,day_of_month,day_of_week,day_name,is_weekend
1,2020-12-03,2020,4,12,December,49,3,3,Thursday,False
2,2020-05-22,2020,2,5,May,21,22,4,Friday,False
3,2021-10-27,2021,4,10,October,43,27,2,Wednesday,False
4,2021-07-20,2021,3,7,July,29,20,1,Tuesday,False
5,2021-04-12,2021,2,4,April,15,12,0,Monday,False
6,2020-10-30,2020,4,10,October,44,30,4,Friday,False
7,2023-01-12,2023,1,1,January,2,12,3,Thursday,False
8,2020-04-18,2020,2,4,April,16,18,5,Saturday,True
9,2023-02-14,2023,1,2,February,7,14,1,Tuesday,False
10,2023-06-20,2023,2,6,June,25,20,1,Tuesday,False
11,2024-07-03,2024,3,7,July,27,3,2,Wednesday,False
12,2022-01-16,2022,1,1,January,2,16,6,Sunday,True
13,2022-07-02,2022,3,7,July,26,2,5,Saturday,True
14,2020-10-03,2020,4,10,October,40,3,5,Saturday,True
15,2020-04-13,2020,2,4,April,16,13,0,Monday,False
16,2021-08-13,2021,3,8,August,32,13,4,Friday,False
17,2021-02-10,2021,1,2,February,6,10,2,Wednesday,False
18,2022-03-14,2022,1,3,March,11,14,0,Monday,False
19,2022-06-19,2022,2,6,June,24,19,6,Sunday,True
20,2020-05-26,2020,2,5,May,22,26,1,Tuesday,False
21,2022-09-02,2022,3,9,September,35,2,4,Friday,False
22,2021-01-17,2021,1,1,January,2,17,6,Sunday,True
23,2023-08-11,2023,3,8,August,32,11,4,Friday,False
24,2020-05-24,2020,2,5,May,21,24,6,Sunday,True
25,2023-08-13,2023,3,8,August,32,13,6,Sunday,True
26,2023-04-02,2023,2,4,April,13,2,6,Sunday,True
27,2022-12-02,2022,4,12,December,48,2,4,Friday,False
28,2022-04-12,2022,2,4,April,15,12,1,Tuesday,False
29,2021-11-01,2021,4,11,November,44,1,0,Monday,False
30,2022-08-30,2022,3,8,August,35,30,1,Tuesday,False
31,2022-08-27,2022,3,8,August,34,27,5,Saturday,True
32,2021-10-10,2021,4,10,October,40,10,6,Sunday,True
33,2024-07-16,2024,3,7,July,29,16,1,Tuesday,False
34,2020-03-28,2020,1,3,March,13,28,5,Saturday,True
35,2023-01-14,2023,1,1,January,2,14,5,Saturday,True
36,2023-09-27,2023,3,9,September,39,27,2,Wednesday,False
37,2022-01-01,2022,1,1,January,52,1,5,Saturday,True
38,2021-01-06,2021,1,1,January,1,6,2,Wednesday,False
39,2021-01-08,2021,1,1,January,1,8,4,Friday,False
40,2020-11-06,2020,4,11,November,45,6,4,Friday,False
41,2021-09-10,2021,3,9,September,36,10,4,Friday,False
42,2024-06-27,2024,2,6,June,26,27,3,Thursday,False
43,2023-10-12,2023,4,10,October,41,12,3,Thursday,False
44,2021-03-31,2021,1,3,March,13,31,2,Wednesday,False
45,2020-12-01,2020,4,12,December,49,1,1,Tuesday,False
46,2021-04-04,2021,2,4,April,13,4,6,Sunday,True
47,2020-09-02,2020,3,9,September,36,2,2,Wednesday,False
48,2021-06-14,2021,2,6,June,24,14,0,Monday,False
49,2024-02-26,2024,1,2,February,9,26,0,Monday,False
50,2021-07-03,2021,3,7,July,26,3,5,Saturday,True
51,2020-08-02,2020,3,8,August,31,2,6,Sunday,True
52,2023-10-03,2023,4,10,October,40,3,1,Tuesday,False
53,2020-02-05,2020,1,2,February,6,5,2,Wednesday,False
54,2024-02-19,2024,1,2,February,8,19,0,Monday,False
55,2021-03-21,2021,1,3,March,11,21,6,Sunday,True
56,2022-03-01,2022,1,3,March,9,1,1,Tuesday,False
57,2023-12-04,2023,4,12,December,49,4,0,Monday,False
58,2023-08-17,2023,3,8,August,33,17,3,Thursday,False
59,2023-03-17,2023,1,3,March,11,17,4,Friday,False
60,2024-09-08,2024,3,9,September,36,8,6,Sunday,True
61,2024-11-08,2024,4,11,November,45,8,4,Friday,False
62,2023-03-13,2023,1,3,March,11,13,0,Monday,False
63,2020-12-31,2020,4,12,December,53,31,3,Thursday,False
64,2023-09-14,2023,3,9,September,37,14,3,Thursday,False
65,2021-11-15,2021,4,11,November,46,15,0,Monday,False
66,2024-01-22,2024,1,1,January,4,22,0,Monday,False
67,2021-05-22,2021,2,5,May,20,22,5,Saturday,True
68,2024-04-14,2024,2,4,April,15,14,6,Sunday,True
69,2021-07-04,2021,3,7,July,26,4,6,Sunday,True
70,2021-04-20,2021,2,4,April,16,20,1,Tuesday,False
71,2022-12-17,2022,4,12,December,50,17,5,Saturday,True
72,2023-02-10,2023,1,2,February,6,10,4,Friday,False
73,2021-03-19,2021,1,3,March,11,19,4,Friday,False
74,2020-07-07,2020,3,7,July,28,7,1,Tuesday,False
75,2021-11-02,2021,4,11,November,44,2,1,Tuesday,False
76,2021-04-29,2021,2,4,April,17,29,3,Thursday,False
77,2021-01-18,2021,1,1,January,3,18,0,Monday,False
78,2023-01-18,2023,1,1,January,3,18,2,Wednesday,False
79,2023-10-02,2023,4,10,October,40,2,0,Monday,False
80,2020-10-13,2020,4,10,October,42,13,1,Tuesday,False
81,2022-09-11,2022,3,9,September,36,11,6,Sunday,True
82,2023-09-07,2023,3,9,September,36,7,3,Thursday,False
83,2022-07-04,2022,3,7,July,27,4,0,Monday,False
84,2023-03-28,2023,1,3,March,13,28,1,Tuesday,False
85,2020-02-04,2020,1,2,February,6,4,1,Tuesday,False
86,2022-10-16,2022,4,10,October,41,16,6,Sunday,True
87,2021-05-10,2021,2,5,May,19,10,0,Monday,False
88,2021-09-05,2021,3,9,September,35,5,6,Sunday,True
89,2023-07-27,2023,3,7,July,30,27,3,Thursday,False
90,2023-12-21,2023,4,12,December,51,21,3,Thursday,False
91,2022-03-19,2022,1,3,March,11,19,5,Saturday,True
92,2021-05-08,2021,2,5,May,18,8,5,Saturday,True
93,2023-07-13,2023,3,7,July,28,13,3,Thursday,False
94,2024-02-27,2024,1,2,February,9,27,1,Tuesday,False
95,2023-02-23,2023,1,2,February,8,23,3,Thursday,False
96,2023-07-15,2023,3,7,July,28,15,5,Saturday,True
97,2021-03-25,2021,1,3,March,12,25,3,Thursday,False
98,2023-03-09,2023,1,3,March,10,9,3,Thursday,False
99,2020-02-13,2020,1,2,February,7,13,3,Thursday,False
100,2023-11-14,2023,4,11,November,46,14,1,Tuesday,False
101,2021-06-28,2021,2,6,June,26,28,0,Monday,False
102,2021-10-08,2021,4,10,October,40,8,4,Friday,False
103,2024-07-30,2024,3,7,July,31,30,1,Tuesday,False
104,2021-06-22,2021,2,6,June,25,22,1,Tuesday,False
105,2021-06-04,2021,2,6,June,22,4,4,Friday,False
106,2023-01-06,2023,1,1,January,1,6,4,Friday,False
107,2023-06-29,2023,2,6,June,26,29,3,Thursday,False
108,2022-07-18,2022,3,7,July,29,18,0,Monday,False
109,2020-05-18,2020,2,5,May,21,18,0,Monday,False
110,2021-08-17,2021,3,8,August,33,17,1,Tuesday,False
111,2020-12-30,2020,4,12,December,53,30,2,Wednesday,False
112,2021-08-08,2021,3,8,August,31,8,6,Sunday,True
113,2022-02-10,2022,1,2,February,6,10,3,Thursday,False
114,2023-03-31,2023,1,3,March,13,31,4,Friday,False
115,2022-12-19,2022,4,12,December,51,19,0,Monday,False
116,2022-08-11,2022,3,8,August,32,11,3,Thursday,False
117,2022-05-01,2022,2,5,May,17,1,6,Sunday,True
118,2022-08-04,2022,3,8,August,31,4,3,Thursday,False
119,2020-10-25,2020,4,10,October,43,25,6,Sunday,True
120,2023-10-13,2023,4,10,October,41,13,4,Friday,False
121,2024-04-20,2024,2,4,April,16,20,5,Saturday,True
122,2020-12-19,2020,4,12,December,51,19,5,Saturday,True
123,2020-10-01,2020,4,10,October,40,1,3,Thursday,False
124,2023-08-04,2023,3,8,August,31,4,4,Friday,False
125,2023-04-26,2023,2,4,April,17,26,2,Wednesday,False
126,2023-11-29,2023,4,11,November,48,29,2,Wednesday,False
127,2022-02-24,2022,1,2,February,8,24,3,Thursday,False
128,2022-10-29,2022,4,10,October,43,29,5,Saturday,True
129,2020-12-25,2020,4,12,December,52,25,4,Friday,False
130,2021-08-16,2021,3,8,August,33,16,0,Monday,False
131,2021-08-14,2021,3,8,August,32,14,5,Saturday,True
132,2022-11-07,2022,4,11,November,45,7,0,Monday,False
133,2022-01-20,2022,1,1,January,3,20,3,Thursday,False
134,2022-04-05,2022,2,4,April,14,5,1,Tuesday,False
135,2021-10-26,2021,4,10,October,43,26,1,Tuesday,False
136,2022-10-10,2022,4,10,October,41,10,0,Monday,False
137,2024-04-26,2024,2,4,April,17,26,4,Friday,False
138,2024-01-17,2024,1,1,January,3,17,2,Wednesday,False
139,2023-01-10,2023,1,1,January,2,10,1,Tuesday,False
140,2020-03-11,2020,1,3,March,11,11,2,Wednesday,False
141,2023-05-10,2023,2,5,May,19,10,2,Wednesday,False
142,2024-08-22,2024,3,8,August,34,22,3,Thursday,False
143,2022-04-18,2022,2,4,April,16,18,0,Monday,False
144,2023-01-31,2023,1,1,January,5,31,1,Tuesday,False
145,2021-08-29,2021,3,8,August,34,29,6,Sunday,True
146,2023-12-15,2023,4,12,December,50,15,4,Friday,False
147,2023-11-17,2023,4,11,November,46,17,4,Friday,False
148,2021-01-14,2021,1,1,January,2,14,3,Thursday,False
149,2021-11-28,2021,4,11,November,47,28,6,Sunday,True
150,2020-10-22,2020,4,10,October,43,22,3,Thursday,False
151,2024-08-13,2024,3,8,August,33,13,1,Tuesday,False
152,2023-08-28,2023,3,8,August,35,28,0,Monday,False
153,2023-07-20,2023,3,7,July,29,20,3,Thursday,False
154,2020-11-05,2020,4,11,November,45,5,3,Thursday,False
155,2022-08-18,2022,3,8,August,33,18,3,Thursday,False
156,2023-04-23,2023,2,4,April,16,23,6,Sunday,True
157,2024-03-12,2024,1,3,March,11,12,1,Tuesday,False
158,2023-06-02,2023,2,6,June,22,2,4,Friday,False
159,2021-12-19,2021,4,12,December,50,19,6,Sunday,True
160,2024-06-24,2024,2,6,June,26,24,0,Monday,False
161,2022-04-20,2022,2,4,April,16,20,2,Wednesday,False
162,2022-08-12,2022,3,8,August,32,12,4,Friday,False
163,2021-02-23,2021,1,2,February,8,23,1,Tuesday,False
164,2020-11-19,2020,4,11,November,47,19,3,Thursday,False
165,2023-09-04,2023,3,9,September,36,4,0,Monday,False
166,2022-12-22,2022,4,12,December,51,22,3,Thursday,False
167,2024-04-13,2024,2,4,April,15,13,5,Saturday,True
168,2024-04-08,2024,2,4,April,15,8,0,Monday,False
169,2022-12-06,2022,4,12,December,49,6,1,Tuesday,False
170,2024-02-16,2024,1,2,February,7,16,4,Friday,False
171,2020-04-20,2020,2,4,April,17,20,0,Monday,False
172,2022-12-15,2022,4,12,December,50,15,3,Thursday,False
173,2021-01-01,2021,1,1,January,53,1,4,Friday,False
174,2022-08-17,2022,3,8,August,33,17,2,Wednesday,False
175,2020-03-14,2020,1,3,March,11,14,5,Saturday,True
176,2024-11-21,2024,4,11,November,47,21,3,Thursday,False
177,2024-11-26,2024,4,11,November,48,26,1,Tuesday,False
178,2023-07-28,2023,3,7,July,30,28,4,Friday,False
179,2023-06-23,2023,2,6,June,25,23,4,Friday,False
180,2021-07-17,2021,3,7,July,28,17,5,Saturday,True
181,2021-05-31,2021,2,5,May,22,31,0,Monday,False
182,2021-01-02,2021,1,1,January,53,2,5,Saturday,True
183,2024-06-16,2024,2,6,June,24,16,6,Sunday,True
184,2024-01-07,2024,1,1,January,1,7,6,Sunday,True
185,2020-10-15,2020,4,10,October,42,15,3,Thursday,False
186,2023-09-25,2023,3,9,September,39,25,0,Monday,False
187,2023-05-12,2023,2,5,May,19,12,4,Friday,False
188,2020-06-09,2020,2,6,June,24,9,1,Tuesday,False
189,2023-08-25,2023,3,8,August,34,25,4,Friday,False
190,2022-05-19,2022,2,5,May,20,19,3,Thursday,False
191,2023-02-11,2023,1,2,February,6,11,5,Saturday,True
192,2020-06-19,2020,2,6,June,25,19,4,Friday,False
193,2023-02-28,2023,1,2,February,9,28,1,Tuesday,False
194,2022-08-06,2022,3,8,August,31,6,5,Saturday,True
195,2024-01-05,2024,1,1,January,1,5,4,Friday,False
196,2020-03-06,2020,1,3,March,10,6,4,Friday,False
197,2021-11-12,2021,4,11,November,45,12,4,Friday,False
198,2022-01-28,2022,1,1,January,4,28,4,Friday,False
199,2022-06-21,2022,2,6,June,25,21,1,Tuesday,False
200,2021-08-23,2021,3,8,August,34,23,0,Monday,False
201,2024-04-19,2024,2,4,April,16,19,4,Friday,False
202,2022-10-07,2022,4,10,October,40,7,4,Friday,False
203,2023-03-16,2023,1,3,March,11,16,3,Thursday,False
204,2023-10-22,2023,4,10,October,42,22,6,Sunday,True
205,2023-03-12,2023,1,3,March,10,12,6,Sunday,True
206,2021-04-08,2021,2,4,April,14,8,3,Thursday,False
207,2023-07-16,2023,3,7,July,28,16,6,Sunday,True
208,2023-08-19,2023,3,8,August,33,19,5,Saturday,True
209,2021-11-18,2021,4,11,November,46,18,3,Thursday,False
210,2022-10-08,2022,4,10,October,40,8,5,Saturday,True
211,2021-09-21,2021,3,9,September,38,21,1,Tuesday,False
212,2021-10-11,2021,4,10,October,41,11,0,Monday,False
213,2020-10-24,2020,4,10,October,43,24,5,Saturday,True
214,2020-08-12,2020,3,8,August,33,12,2,Wednesday,False
215,2020-08-22,2020,3,8,August,34,22,5,Saturday,True
216,2020-09-28,2020,3,9,September,40,28,0,Monday,False
217,2020-12-18,2020,4,12,December,51,18,4,Friday,False
218,2023-11-23,2023,4,11,November,47,23,3,Thursday,False
219,2020-04-28,2020,2,4,April,18,28,1,Tuesday,False
220,2020-01-21,2020,1,1,January,4,21,1,Tuesday,False
221,2024-04-11,2024,2,4,April,15,11,3,Thursday,False
222,2020-03-22,2020,1,3,March,12,22,6,Sunday,True
223,2024-02-24,2024,1,2,February,8,24,5,Saturday,True
224,2021-11-16,2021,4,11,November,46,16,1,Tuesday,False
225,2022-10-15,2022,4,10,October,41,15,5,Saturday,True
226,2021-08-30,2021,3,8,August,35,30,0,Monday,False
227,2023-06-08,2023,2,6,June,23,8,3,Thursday,False
228,2022-12-11,2022,4,12,December,49,11,6,Sunday,True
229,2022-02-12,2022,1,2,February,6,12,5,Saturday,True
230,2020-09-16,2020,3,9,September,38,16,2,Wednesday,False
231,2023-08-01,2023,3,8,August,31,1,1,Tuesday,False
232,2024-02-17,2024,1,2,February,7,17,5,Saturday,True
233,2022-10-04,2022,4,10,October,40,4,1,Tuesday,False
234,2022-04-27,2022,2,4,April,17,27,2,Wednesday,False
235,2021-06-27,2021,2,6,June,25,27,6,Sunday,True
236,2023-04-11,2023,2,4,April,15,11,1,Tuesday,False
237,2022-12-10,2022,4,12,December,49,10,5,Saturday,True
238,2023-02-13,2023,1,2,February,7,13,0,Monday,False
239,2022-11-27,2022,4,11,November,47,27,6,Sunday,True
240,2020-05-03,2020,2,5,May,18,3,6,Sunday,True
241,2020-12-11,2020,4,12,December,50,11,4,Friday,False
242,2023-07-25,2023,3,7,July,30,25,1,Tuesday,False
243,2022-06-13,2022,2,6,June,24,13,0,Monday,False
244,2022-09-30,2022,3,9,September,39,30,4,Friday,False
245,2023-01-01,2023,1,1,January,52,1,6,Sunday,True
246,2020-03-24,2020,1,3,March,13,24,1,Tuesday,False
247,2023-05-29,2023,2,5,May,22,29,0,Monday,False
248,2023-05-20,2023,2,5,May,20,20,5,Saturday,True
249,2020-11-26,2020,4,11,November,48,26,3,Thursday,False
250,2020-07-01,2020,3,7,July,27,1,2,Wednesday,False
251,2022-12-26,2022,4,12,December,52,26,0,Monday,False
252,2023-04-24,2023,2,4,April,17,24,0,Monday,False
253,2021-01-09,2021,1,1,January,1,9,5,Saturday,True
254,2023-12-30,2023,4,12,December,52,30,5,Saturday,True
255,2024-01-01,2024,1,1,January,1,1,0,Monday,False
256,2020-02-19,2020,1,2,February,8,19,2,Wednesday,False
257,2021-08-11,2021,3,8,August,32,11,2,Wednesday,False
258,2020-10-17,2020,4,10,October,42,17,5,Saturday,True
259,2022-06-10,2022,2,6,June,23,10,4,Friday,False
260,2022-09-01,2022,3,9,September,35,1,3,Thursday,False
261,2020-03-30,2020,1,3,March,14,30,0,Monday,False
262,2022-04-03,2022,2,4,April,13,3,6,Sunday,True
263,2020-02-17,2020,1,2,February,8,17,0,Monday,False
264,2022-07-08,2022,3,7,July,27,8,4,Friday,False
265,2024-02-21,2024,1,2,February,8,21,2,Wednesday,False
266,2024-09-18,2024,3,9,September,38,18,2,Wednesday,False
267,2023-03-02,2023,1,3,March,9,2,3,Thursday,False
268,2024-01-08,2024,1,1,January,2,8,0,Monday,False
269,2022-08-19,2022,3,8,August,33,19,4,Friday,False
270,2020-04-05,2020,2,4,April,14,5,6,Sunday,True
271,2023-04-15,2023,2,4,April,15,15,5,Saturday,True
272,2022-09-05,2022,3,9,September,36,5,0,Monday,False
273,2023-11-26,2023,4,11,November,47,26,6,Sunday,True
274,2020-12-21,2020,4,12,December,52,21,0,Monday,False
275,2024-03-28,2024,1,3,March,13,28,3,Thursday,False
276,2023-05-21,2023,2,5,May,20,21,6,Sunday,True
277,2024-01-19,2024,1,1,January,3,19,4,Friday,False
278,2020-03-09,2020,1,3,March,11,9,0,Monday,False
279,2022-12-23,2022,4,12,December,51,23,4,Friday,False
280,2022-03-07,2022,1,3,March,10,7,0,Monday,False
281,2022-08-28,2022,3,8,August,34,28,6,Sunday,True
282,2020-06-22,2020,2,6,June,26,22,0,Monday,False
283,2021-12-01,2021,4,12,December,48,1,2,Wednesday,False
284,2021-04-11,2021,2,4,April,14,11,6,Sunday,True
285,2024-08-01,2024,3,8,August,31,1,3,Thursday,False
286,2023-09-09,2023,3,9,September,36,9,5,Saturday,True
287,2023-05-27,2023,2,5,May,21,27,5,Saturday,True
288,2022-12-16,2022,4,12,December,50,16,4,Friday,False
289,2021-04-02,2021,2,4,April,13,2,4,Friday,False
290,2024-06-25,2024,2,6,June,26,25,1,Tuesday,False
291,2023-12-08,2023,4,12,December,49,8,4,Friday,False
292,2023-06-30,2023,2,6,June,26,30,4,Friday,False
293,2022-04-09,2022,2,4,April,14,9,5,Saturday,True
294,2022-09-20,2022,3,9,September,38,20,1,Tuesday,False
295,2020-04-21,2020,2,4,April,17,21,1,Tuesday,False
296,2021-01-23,2021,1,1,January,3,23,5,Saturday,True
297,2021-02-24,2021,1,2,February,8,24,2,Wednesday,False
298,2023-05-31,2023,2,5,May,22,31,2,Wednesday,False
299,2022-02-14,2022,1,2,February,7,14,0,Monday,False
300,2020-08-16,2020,3,8,August,33,16,6,Sunday,True
301,2023-04-28,2023,2,4,April,17,28,4,Friday,False
302,2021-07-02,2021,3,7,July,26,2,4,Friday,False
303,2020-09-25,2020,3,9,September,39,25,4,Friday,False
304,2022-10-22,2022,4,10,October,42,22,5,Saturday,True
305,2022-10-13,2022,4,10,October,41,13,3,Thursday,False
306,2024-09-24,2024,3,9,September,39,24,1,Tuesday,False
307,2020-05-01,2020,2,5,May,18,1,4,Friday,False
308,2020-01-01,2020,1,1,January,1,1,2,Wednesday,False
309,2022-03-15,2022,1,3,March,11,15,1,Tuesday,False
310,2020-06-01,2020,2,6,June,23,1,0,Monday,False
311,2024-07-14,2024,3,7,July,28,14,6,Sunday,True
312,2020-09-27,2020,3,9,September,39,27,6,Sunday,True
313,2022-03-02,2022,1,3,March,9,2,2,Wednesday,False
314,2024-07-04,2024,3,7,July,27,4,3,Thursday,False
315,2020-02-11,2020,1,2,February,7,11,1,Tuesday,False
316,2021-05-26,2021,2,5,May,21,26,2,Wednesday,False
317,2022-07-13,2022,3,7,July,28,13,2,Wednesday,False
318,2020-04-06,2020,2,4,April,15,6,0,Monday,False
319,2022-02-13,2022,1,2,February,6,13,6,Sunday,True
320,2021-12-25,2021,4,12,December,51,25,5,Saturday,True
321,2022-08-13,2022,3,8,August,32,13,5,Saturday,True
322,2020-05-08,2020,2,5,May,19,8,4,Friday,False
323,2023-08-23,2023,3,8,August,34,23,2,Wednesday,False
324,2023-02-04,2023,1,2,February,5,4,5,Saturday,True
325,2022-01-03,2022,1,1,January,1,3,0,Monday,False
326,2021-03-15,2021,1,3,March,11,15,0,Monday,False
327,2023-08-21,2023,3,8,August,34,21,0,Monday,False
328,2020-01-03,2020,1,1,January,1,3,4,Friday,False
329,2023-08-05,2023,3,8,August,31,5,5,Saturday,True
330,2022-02-01,2022,1,2,February,5,1,1,Tuesday,False
331,2021-11-22,2021,4,11,November,47,22,0,Monday,False
332,2024-10-11,2024,4,10,October,41,11,4,Friday,False
333,2023-05-25,2023,2,5,May,21,25,3,Thursday,False
334,2024-01-20,2024,1,1,January,3,20,5,Saturday,True
335,2020-11-15,2020,4,11,November,46,15,6,Sunday,True
336,2020-12-05,2020,4,12,December,49,5,5,Saturday,True
337,2022-02-02,2022,1,2,February,5,2,2,Wednesday,False
338,2023-04-07,2023,2,4,April,14,7,4,Friday,False
339,2020-05-16,2020,2,5,May,20,16,5,Saturday,True
340,2021-06-01,2021,2,6,June,22,1,1,Tuesday,False
341,2022-01-04,2022,1,1,January,1,4,1,Tuesday,False
342,2021-11-09,2021,4,11,November,45,9,1,Tuesday,False
343,2020-05-11,2020,2,5,May,20,11,0,Monday,False
344,2024-05-01,2024,2,5,May,18,1,2,Wednesday,False
345,2024-02-12,2024,1,2,February,7,12,0,Monday,False
346,2020-06-05,2020,2,6,June,23,5,4,Friday,False
347,2024-01-11,2024,1,1,January,2,11,3,Thursday,False
348,2021-04-03,2021,2,4,April,13,3,5,Saturday,True
349,2021-06-25,2021,2,6,June,25,25,4,Friday,False
350,2021-03-22,2021,1,3,March,12,22,0,Monday,False
351,2022-03-23,2022,1,3,March,12,23,2,Wednesday,False
352,2023-09-01,2023,3,9,September,35,1,4,Friday,False
353,2021-04-27,2021,2,4,April,17,27,1,Tuesday,False
354,2022-10-12,2022,4,10,October,41,12,2,Wednesday,False
355,2023-01-19,2023,1,1,January,3,19,3,Thursday,False
356,2023-12-16,2023,4,12,December,50,16,5,Saturday,True
357,2022-05-21,2022,2,5,May,20,21,5,Saturday,True
358,2023-02-02,2023,1,2,February,5,2,3,Thursday,False
359,2022-04-01,2022,2,4,April,13,1,4,Friday,False
360,2021-09-28,2021,3,9,September,39,28,1,Tuesday,False
361,2023-02-25,2023,1,2,February,8,25,5,Saturday,True
362,2024-04-05,2024,2,4,April,14,5,4,Friday,False
363,2020-03-31,2020,1,3,March,14,31,1,Tuesday,False
364,2021-07-05,2021,3,7,July,27,5,0,Monday,False
365,2020-08-06,2020,3,8,August,32,6,3,Thursday,False
366,2024-02-08,2024,1,2,February,6,8,3,Thursday,False
367,2020-01-26,2020,1,1,January,4,26,6,Sunday,True
368,2022-01-02,2022,1,1,January,52,2,6,Sunday,True
369,2020-03-23,2020,1,3,March,13,23,0,Monday,False
370,2021-10-02,2021,4,10,October,39,2,5,Saturday,True
371,2022-10-05,2022,4,10,October,40,5,2,Wednesday,False
372,2021-09-27,2021,3,9,September,39,27,0,Monday,False
373,2023-04-10,2023,2,4,April,15,10,0,Monday,False
374,2021-08-27,2021,3,8,August,34,27,4,Friday,False
375,2021-03-23,2021,1,3,March,12,23,1,Tuesday,False
376,2023-11-03,2023,4,11,November,44,3,4,Friday,False
377,2022-09-15,2022,3,9,September,37,15,3,Thursday,False
378,2021-02-05,2021,1,2,February,5,5,4,Friday,False
379,2024-02-05,2024,1,2,February,6,5,0,Monday,False
380,2020-05-20,2020,2,5,May,21,20,2,Wednesday,False
381,2023-05-01,2023,2,5,May,18,1,0,Monday,False
382,2022-02-27,2022,1,2,February,8,27,6,Sunday,True
383,2023-08-26,2023,3,8,August,34,26,5,Saturday,True
384,2021-12-10,2021,4,12,December,49,10,4,Friday,False
385,2023-10-20,2023,4,10,October,42,20,4,Friday,False
386,2021-05-07,2021,2,5,May,18,7,4,Friday,False
387,2023-10-04,2023,4,10,October,40,4,2,Wednesday,False
388,2022-03-30,2022,1,3,March,13,30,2,Wednesday,False
389,2022-12-09,2022,4,12,December,49,9,4,Friday,False
390,2022-03-18,2022,1,3,March,11,18,4,Friday,False
391,2022-12-14,2022,4,12,December,50,14,2,Wednesday,False
392,2024-08-11,2024,3,8,August,32,11,6,Sunday,True
393,2024-02-01,2024,1,2,February,5,1,3,Thursday,False
394,2023-01-29,2023,1,1,January,4,29,6,Sunday,True
395,2024-10-19,2024,4,10,October,42,19,5,Saturday,True
396,2020-09-01,2020,3,9,September,36,1,1,Tuesday,False
397,2023-07-05,2023,3,7,July,27,5,2,Wednesday,False
398,2022-09-08,2022,3,9,September,36,8,3,Thursday,False
399,2022-07-03,2022,3,7,July,26,3,6,Sunday,True
400,2020-01-25,2020,1,1,January,4,25,5,Saturday,True
401,2020-03-04,2020,1,3,March,10,4,2,Wednesday,False
402,2021-03-11,2021,1,3,March,10,11,3,Thursday,False
403,2021-01-30,2021,1,1,January,4,30,5,Saturday,True
404,2021-11-19,2021,4,11,November,46,19,4,Friday,False
405,2024-12-14,2024,4,12,December,50,14,5,Saturday,True
406,2023-05-24,2023,2,5,May,21,24,2,Wednesday,False
407,2023-09-11,2023,3,9,September,37,11,0,Monday,False
408,2020-02-23,2020,1,2,February,8,23,6,Sunday,True
409,2021-02-25,2021,1,2,February,8,25,3,Thursday,False
410,2023-10-19,2023,4,10,October,42,19,3,Thursday,False
411,2024-06-07,2024,2,6,June,23,7,4,Friday,False
412,2022-10-24,2022,4,10,October,43,24,0,Monday,False
413,2023-10-10,2023,4,10,October,41,10,1,Tuesday,False
414,2020-07-27,2020,3,7,July,31,27,0,Monday,False
415,2024-11-10,2024,4,11,November,45,10,6,Sunday,True
416,2021-12-28,2021,4,12,December,52,28,1,Tuesday,False
417,2024-03-30,2024,1,3,March,13,30,5,Saturday,True
418,2020-01-19,2020,1,1,January,3,19,6,Sunday,True
419,2023-02-12,2023,1,2,February,6,12,6,Sunday,True
420,2023-02-01,2023,1,2,February,5,1,2,Wednesday,False
421,2020-11-01,2020,4,11,November,44,1,6,Sunday,True
422,2023-09-05,2023,3,9,September,36,5,1,Tuesday,False
423,2021-01-20,2021,1,1,January,3,20,2,Wednesday,False
424,2023-07-12,2023,3,7,July,28,12,2,Wednesday,False
425,2022-01-31,2022,1,1,January,5,31,0,Monday,False
426,2023-04-25,2023,2,4,April,17,25,1,Tuesday,False
427,2024-12-12,2024,4,12,December,50,12,3,Thursday,False
428,2023-12-11,2023,4,12,December,50,11,0,Monday,False
429,2021-06-30,2021,2,6,June,26,30,2,Wednesday,False
430,2021-12-16,2021,4,12,December,50,16,3,Thursday,False
431,2021-04-14,2021,2,4,April,15,14,2,Wednesday,False
432,2024-08-06,2024,3,8,August,32,6,1,Tuesday,False
433,2022-11-02,2022,4,11,November,44,2,2,Wednesday,False
434,2021-10-14,2021,4,10,October,41,14,3,Thursday,False
435,2021-07-30,2021,3,7,July,30,30,4,Friday,False
436,2023-10-27,2023,4,10,October,43,27,4,Friday,False
437,2023-11-18,2023,4,11,November,46,18,5,Saturday,True
438,2024-05-27,2024,2,5,May,22,27,0,Monday,False
439,2021-06-26,2021,2,6,June,25,26,5,Saturday,True
440,2023-01-21,2023,1,1,January,3,21,5,Saturday,True
441,2021-06-21,2021,2,6,June,25,21,0,Monday,False
442,2021-05-19,2021,2,5,May,20,19,2,Wednesday,False
443,2021-08-31,2021,3,8,August,35,31,1,Tuesday,False
444,2022-07-26,2022,3,7,July,30,26,1,Tuesday,False
445,2023-11-07,2023,4,11,November,45,7,1,Tuesday,False
446,2024-02-20,2024,1,2,February,8,20,1,Tuesday,False
447,2021-06-12,2021,2,6,June,23,12,5,Saturday,True
448,2020-09-22,2020,3,9,September,39,22,1,Tuesday,False
449,2024-04-12,2024,2,4,April,15,12,4,Friday,False
450,2021-12-07,2021,4,12,December,49,7,1,Tuesday,False
451,2020-05-07,2020,2,5,May,19,7,3,Thursday,False
452,2022-09-23,2022,3,9,September,38,23,4,Friday,False
453,2021-05-30,2021,2,5,May,21,30,6,Sunday,True
454,2020-04-02,2020,2,4,April,14,2,3,Thursday,False
455,2021-10-29,2021,4,10,October,43,29,4,Friday,False
456,2023-05-14,2023,2,5,May,19,14,6,Sunday,True
457,2021-05-02,2021,2,5,May,17,2,6,Sunday,True
458,2020-07-02,2020,3,7,July,27,2,3,Thursday,False
459,2021-06-13,2021,2,6,June,23,13,6,Sunday,True
460,2022-05-30,2022,2,5,May,22,30,0,Monday,False
461,2020-01-02,2020,1,1,January,1,2,3,Thursday,False
462,2020-05-31,2020,2,5,May,22,31,6,Sunday,True
463,2023-10-11,2023,4,10,October,41,11,2,Wednesday,False
464,2020-11-07,2020,4,11,November,45,7,5,Saturday,True
465,2022-04-26,2022,2,4,April,17,26,1,Tuesday,False
466,2023-01-05,2023,1,1,January,1,5,3,Thursday,False
467,2023-11-20,2023,4,11,November,47,20,0,Monday,False
468,2023-05-16,2023,2,5,May,20,16,1,Tuesday,False
469,2022-01-17,2022,1,1,January,3,17,0,Monday,False
470,2023-03-22,2023,1,3,March,12,22,2,Wednesday,False
471,2023-04-29,2023,2,4,April,17,29,5,Saturday,True
472,2021-08-28,2021,3,8,August,34,28,5,Saturday,True
473,2023-07-11,2023,3,7,July,28,11,1,Tuesday,False
474,2020-02-07,2020,1,2,February,6,7,4,Friday,False
475,2024-09-06,2024,3,9,September,36,6,4,Friday,False
476,2021-07-14,2021,3,7,July,28,14,2,Wednesday,False
477,2022-06-25,2022,2,6,June,25,25,5,Saturday,True
478,2021-03-07,2021,1,3,March,9,7,6,Sunday,True
479,2022-01-15,2022,1,1,January,2,15,5,Saturday,True
480,2022-02-11,2022,1,2,February,6,11,4,Friday,False
481,2023-07-30,2023,3,7,July,30,30,6,Sunday,True
482,2021-09-23,2021,3,9,September,38,23,3,Thursday,False
483,2022-04-28,2022,2,4,April,17,28,3,Thursday,False
484,2020-11-02,2020,4,11,November,45,2,0,Monday,False
485,2021-12-21,2021,4,12,December,51,21,1,Tuesday,False
486,2023-10-14,2023,4,10,October,41,14,5,Saturday,True
487,2024-03-06,2024,1,3,March,10,6,2,Wednesday,False
488,2021-07-22,2021,3,7,July,29,22,3,Thursday,False
489,2023-03-15,2023,1,3,March,11,15,2,Wednesday,False
490,2023-05-19,2023,2,5,May,20,19,4,Friday,False
491,2022-08-07,2022,3,8,August,31,7,6,Sunday,True
492,2023-06-27,2023,2,6,June,26,27,1,Tuesday,False
493,2021-07-23,2021,3,7,July,29,23,4,Friday,False
494,2021-01-03,2021,1,1,January,53,3,6,Sunday,True
495,2022-08-22,2022,3,8,August,34,22,0,Monday,False
496,2022-10-20,2022,4,10,October,42,20,3,Thursday,False
497,2023-07-31,2023,3,7,July,31,31,0,Monday,False
498,2022-12-24,2022,4,12,December,51,24,5,Saturday,True
499,2022-01-27,2022,1,1,January,4,27,3,Thursday,False
500,2023-01-24,2023,1,1,January,4,24,1,Tuesday,False
501,2021-06-15,2021,2,6,June,24,15,1,Tuesday,False
502,2022-08-10,2022,3,8,August,32,10,2,Wednesday,False
503,2023-09-29,2023,3,9,September,39,29,4,Friday,False
504,2020-09-19,2020,3,9,September,38,19,5,Saturday,True
505,2023-08-06,2023,3,8,August,31,6,6,Sunday,True
506,2021-11-21,2021,4,11,November,46,21,6,Sunday,True
507,2022-11-01,2022,4,11,November,44,1,1,Tuesday,False
508,2023-12-25,2023,4,12,December,52,25,0,Monday,False
509,2020-10-09,2020,4,10,October,41,9,4,Friday,False
510,2023-03-01,2023,1,3,March,9,1,2,Wednesday,False
511,2024-02-28,2024,1,2,February,9,28,2,Wednesday,False
512,2023-11-24,2023,4,11,November,47,24,4,Friday,False
513,2021-07-11,2021,3,7,July,27,11,6,Sunday,True
514,2023-11-25,2023,4,11,November,47,25,5,Saturday,True
515,2021-09-29,2021,3,9,September,39,29,2,Wednesday,False
516,2021-04-05,2021,2,4,April,14,5,0,Monday,False
517,2023-09-17,2023,3,9,September,37,17,6,Sunday,True
518,2020-05-14,2020,2,5,May,20,14,3,Thursday,False
519,2020-11-25,2020,4,11,November,48,25,2,Wednesday,False
520,2021-05-21,2021,2,5,May,20,21,4,Friday,False
521,2022-04-15,2022,2,4,April,15,15,4,Friday,False
522,2024-03-16,2024,1,3,March,11,16,5,Saturday,True
523,2022-03-17,2022,1,3,March,11,17,3,Thursday,False
524,2022-03-10,2022,1,3,March,10,10,3,Thursday,False
525,2021-03-05,2021,1,3,March,9,5,4,Friday,False
526,2021-07-21,2021,3,7,July,29,21,2,Wednesday,False
527,2020-06-12,2020,2,6,June,24,12,4,Friday,False
528,2023-04-04,2023,2,4,April,14,4,1,Tuesday,False
529,2024-02-23,2024,1,2,February,8,23,4,Friday,False
530,2024-05-08,2024,2,5,May,19,8,2,Wednesday,False
531,2023-12-01,2023,4,12,December,48,1,4,Friday,False
532,2020-06-10,2020,2,6,June,24,10,2,Wednesday,False
533,2022-09-26,2022,3,9,September,39,26,0,Monday,False
534,2021-01-16,2021,1,1,January,2,16,5,Saturday,True
535,2023-07-08,2023,3,7,July,27,8,5,Saturday,True
536,2022-02-20,2022,1,2,February,7,20,6,Sunday,True
537,2022-04-25,2022,2,4,April,17,25,0,Monday,False
538,2021-09-03,2021,3,9,September,35,3,4,Friday,False
539,2022-05-06,2022,2,5,May,18,6,4,Friday,False
540,2022-04-17,2022,2,4,April,15,17,6,Sunday,True
541,2023-01-08,2023,1,1,January,1,8,6,Sunday,True
542,2022-03-05,2022,1,3,March,9,5,5,Saturday,True
543,2021-12-26,2021,4,12,December,51,26,6,Sunday,True
544,2024-09-25,2024,3,9,September,39,25,2,Wednesday,False
545,2023-05-06,2023,2,5,May,18,6,5,Saturday,True
546,2022-11-16,2022,4,11,November,46,16,2,Wednesday,False
547,2023-06-11,2023,2,6,June,23,11,6,Sunday,True
548,2024-04-15,2024,2,4,April,16,15,0,Monday,False
549,2022-04-13,2022,2,4,April,15,13,2,Wednesday,False
550,2022-10-17,2022,4,10,October,42,17,0,Monday,False
551,2024-04-06,2024,2,4,April,14,6,5,Saturday,True
552,2020-09-30,2020,3,9,September,40,30,2,Wednesday,False
553,2024-05-04,2024,2,5,May,18,4,5,Saturday,True
554,2022-08-15,2022,3,8,August,33,15,0,Monday,False
555,2022-12-12,2022,4,12,December,50,12,0,Monday,False
556,2021-12-23,2021,4,12,December,51,23,3,Thursday,False
557,2024-10-26,2024,4,10,October,43,26,5,Saturday,True
558,2023-09-10,2023,3,9,September,36,10,6,Sunday,True
559,2021-11-05,2021,4,11,November,44,5,4,Friday,False
560,2023-01-03,2023,1,1,January,1,3,1,Tuesday,False
561,2023-06-24,2023,2,6,June,25,24,5,Saturday,True
562,2022-05-03,2022,2,5,May,18,3,1,Tuesday,False
563,2022-09-12,2022,3,9,September,37,12,0,Monday,False
564,2023-04-03,2023,2,4,April,14,3,0,Monday,False
565,2021-02-14,2021,1,2,February,6,14,6,Sunday,True
566,2021-01-10,2021,1,1,January,1,10,6,Sunday,True
567,2020-09-17,2020,3,9,September,38,17,3,Thursday,False
568,2023-04-16,2023,2,4,April,15,16,6,Sunday,True
569,2021-06-17,2021,2,6,June,24,17,3,Thursday,False
570,2021-03-13,2021,1,3,March,10,13,5,Saturday,True
571,2024-03-13,2024,1,3,March,11,13,2,Wednesday,False
572,2021-01-22,2021,1,1,January,3,22,4,Friday,False
573,2020-01-20,2020,1,1,January,4,20,0,Monday,False
574,2020-09-13,2020,3,9,September,37,13,6,Sunday,True
575,2021-07-01,2021,3,7,July,26,1,3,Thursday,False
576,2021-09-25,2021,3,9,September,38,25,5,Saturday,True
577,2023-12-28,2023,4,12,December,52,28,3,Thursday,False
578,2020-04-25,2020,2,4,April,17,25,5,Saturday,True
579,2020-03-01,2020,1,3,March,9,1,6,Sunday,True
580,2022-11-09,2022,4,11,November,45,9,2,Wednesday,False
581,2021-03-02,2021,1,3,March,9,2,1,Tuesday,False
582,2022-04-14,2022,2,4,April,15,14,3,Thursday,False
583,2020-08-08,2020,3,8,August,32,8,5,Saturday,True
584,2021-09-04,2021,3,9,September,35,4,5,Saturday,True
585,2023-03-04,2023,1,3,March,9,4,5,Saturday,True
586,2023-10-01,2023,4,10,October,39,1,6,Sunday,True
587,2020-10-07,2020,4,10,October,41,7,2,Wednesday,False
588,2023-12-17,2023,4,12,December,50,17,6,Sunday,True
589,2022-08-16,2022,3,8,August,33,16,1,Tuesday,False
590,2021-02-08,2021,1,2,February,6,8,0,Monday,False
591,2024-08-16,2024,3,8,August,33,16,4,Friday,False
592,2021-12-29,2021,4,12,December,52,29,2,Wednesday,False
593,2021-07-26,2021,3,7,July,30,26,0,Monday,False
594,2024-01-29,2024,1,1,January,5,29,0,Monday,False
595,2021-05-14,2021,2,5,May,19,14,4,Friday,False
596,2022-07-25,2022,3,7,July,30,25,0,Monday,False
597,2021-04-13,2021,2,4,April,15,13,1,Tuesday,False
598,2021-05-20,2021,2,5,May,20,20,3,Thursday,False
599,2023-07-14,2023,3,7,July,28,14,4,Friday,False
600,2023-05-09,2023,2,5,May,19,9,1,Tuesday,False
601,2023-01-04,2023,1,1,January,1,4,2,Wednesday,False
602,2024-06-05,2024,2,6,June,23,5,2,Wednesday,False
603,2020-07-22,2020,3,7,July,30,22,2,Wednesday,False
604,2023-11-05,2023,4,11,November,44,5,6,Sunday,True
605,2022-06-17,2022,2,6,June,24,17,4,Friday,False
606,2020-02-20,2020,1,2,February,8,20,3,Thursday,False
607,2024-01-03,2024,1,1,January,1,3,2,Wednesday,False
608,2022-07-16,2022,3,7,July,28,16,5,Saturday,True
609,2022-11-18,2022,4,11,November,46,18,4,Friday,False
610,2023-04-17,2023,2,4,April,16,17,0,Monday,False
611,2020-08-01,2020,3,8,August,31,1,5,Saturday,True
612,2020-05-12,2020,2,5,May,20,12,1,Tuesday,False
613,2023-04-20,2023,2,4,April,16,20,3,Thursday,False
614,2022-10-01,2022,4,10,October,39,1,5,Saturday,True
615,2020-08-20,2020,3,8,August,34,20,3,Thursday,False
616,2020-09-04,2020,3,9,September,36,4,4,Friday,False
617,2021-01-12,2021,1,1,January,2,12,1,Tuesday,False
618,2021-05-09,2021,2,5,May,18,9,6,Sunday,True
619,2021-02-19,2021,1,2,February,7,19,4,Friday,False
620,2022-03-22,2022,1,3,March,12,22,1,Tuesday,False
621,2021-08-21,2021,3,8,August,33,21,5,Saturday,True
622,2023-11-08,2023,4,11,November,45,8,2,Wednesday,False
623,2023-08-22,2023,3,8,August,34,22,1,Tuesday,False
624,2024-02-29,2024,1,2,February,9,29,3,Thursday,False
625,2023-11-22,2023,4,11,November,47,22,2,Wednesday,False
626,2020-03-18,2020,1,3,March,12,18,2,Wednesday,False
627,2022-09-29,2022,3,9,September,39,29,3,Thursday,False
628,2024-07-28,2024,3,7,July,30,28,6,Sunday,True
629,2023-03-07,2023,1,3,March,10,7,1,Tuesday,False
630,2023-09-23,2023,3,9,September,38,23,5,Saturday,True
631,2021-09-20,2021,3,9,September,38,20,0,Monday,False
632,2024-11-11,2024,4,11,November,46,11,0,Monday,False
633,2020-05-09,2020,2,5,May,19,9,5,Saturday,True
634,2021-06-02,2021,2,6,June,22,2,2,Wednesday,False
635,2020-04-16,2020,2,4,April,16,16,3,Thursday,False
636,2022-03-08,2022,1,3,March,10,8,1,Tuesday,False
637,2021-10-18,2021,4,10,October,42,18,0,Monday,False
638,2022-11-06,2022,4,11,November,44,6,6,Sunday,True
639,2023-06-01,2023,2,6,June,22,1,3,Thursday,False
640,2020-08-07,2020,3,8,August,32,7,4,Friday,False
641,2022-10-28,2022,4,10,October,43,28,4,Friday,False
642,2023-01-07,2023,1,1,January,1,7,5,Saturday,True
643,2023-12-22,2023,4,12,December,51,22,4,Friday,False
644,2020-07-06,2020,3,7,July,28,6,0,Monday,False
645,2023-06-28,2023,2,6,June,26,28,2,Wednesday,False
646,2020-12-09,2020,4,12,December,50,9,2,Wednesday,False
647,2022-03-04,2022,1,3,March,9,4,4,Friday,False
648,2021-07-07,2021,3,7,July,27,7,2,Wednesday,False
649,2022-09-07,2022,3,9,September,36,7,2,Wednesday,False
650,2021-04-26,2021,2,4,April,17,26,0,Monday,False
651,2021-07-18,2021,3,7,July,28,18,6,Sunday,True
652,2022-09-06,2022,3,9,September,36,6,1,Tuesday,False
653,2023-05-17,2023,2,5,May,20,17,2,Wednesday,False
654,2020-09-14,2020,3,9,September,38,14,0,Monday,False
655,2023-03-10,2023,1,3,March,10,10,4,Friday,False
656,2021-09-08,2021,3,9,September,36,8,2,Wednesday,False
657,2024-06-22,2024,2,6,June,25,22,5,Saturday,True
658,2023-07-29,2023,3,7,July,30,29,5,Saturday,True
659,2022-04-24,2022,2,4,April,16,24,6,Sunday,True
660,2023-12-14,2023,4,12,December,50,14,3,Thursday,False
661,2020-06-17,2020,2,6,June,25,17,2,Wednesday,False
662,2022-03-31,2022,1,3,March,13,31,3,Thursday,False
663,2023-04-01,2023,2,4,April,13,1,5,Saturday,True
664,2021-01-15,2021,1,1,January,2,15,4,Friday,False
665,2022-02-21,2022,1,2,February,8,21,0,Monday,False
666,2022-01-25,2022,1,1,January,4,25,1,Tuesday,False
667,2022-11-08,2022,4,11,November,45,8,1,Tuesday,False
668,2021-02-07,2021,1,2,February,5,7,6,Sunday,True
669,2020-06-18,2020,2,6,June,25,18,3,Thursday,False
670,2024-11-20,2024,4,11,November,47,20,2,Wednesday,False
671,2023-09-21,2023,3,9,September,38,21,3,Thursday,False
672,2022-11-30,2022,4,11,November,48,30,2,Wednesday,False
673,2022-05-11,2022,2,5,May,19,11,2,Wednesday,False
674,2023-05-23,2023,2,5,May,21,23,1,Tuesday,False
675,2023-03-19,2023,1,3,March,11,19,6,Sunday,True
676,2022-10-25,2022,4,10,October,43,25,1,Tuesday,False
677,2020-03-27,2020,1,3,March,13,27,4,Friday,False
678,2023-02-03,2023,1,2,February,5,3,4,Friday,False
679,2024-01-09,2024,1,1,January,2,9,1,Tuesday,False
680,2022-11-12,2022,4,11,November,45,12,5,Saturday,True
681,2022-11-11,2022,4,11,November,45,11,4,Friday,False
682,2021-11-14,2021,4,11,November,45,14,6,Sunday,True
683,2024-05-05,2024,2,5,May,18,5,6,Sunday,True
684,2024-08-26,2024,3,8,August,35,26,0,Monday,False
685,2020-10-26,2020,4,10,October,44,26,0,Monday,False
686,2021-05-03,2021,2,5,May,18,3,0,Monday,False
687,2022-09-25,2022,3,9,September,38,25,6,Sunday,True
688,2021-08-26,2021,3,8,August,34,26,3,Thursday,False
689,2020-02-25,2020,1,2,February,9,25,1,Tuesday,False
690,2022-03-20,2022,1,3,March,11,20,6,Sunday,True
691,2021-08-24,2021,3,8,August,34,24,1,Tuesday,False
692,2021-02-21,2021,1,2,February,7,21,6,Sunday,True
693,2023-02-19,2023,1,2,February,7,19,6,Sunday,True
694,2021-09-18,2021,3,9,September,37,18,5,Saturday,True
695,2024-09-09,2024,3,9,September,37,9,0,Monday,False
696,2021-01-13,2021,1,1,January,2,13,2,Wednesday,False
697,2020-01-06,2020,1,1,January,2,6,0,Monday,False
698,2020-06-14,2020,2,6,June,24,14,6,Sunday,True
699,2021-02-01,2021,1,2,February,5,1,0,Monday,False
700,2023-01-15,2023,1,1,January,2,15,6,Sunday,True
701,2022-01-10,2022,1,1,January,2,10,0,Monday,False
702,2020-09-21,2020,3,9,September,39,21,0,Monday,False
703,2021-02-12,2021,1,2,February,6,12,4,Friday,False
704,2021-08-02,2021,3,8,August,31,2,0,Monday,False
705,2022-12-29,2022,4,12,December,52,29,3,Thursday,False
706,2021-05-11,2021,2,5,May,19,11,1,Tuesday,False
707,2022-04-02,2022,2,4,April,13,2,5,Saturday,True
708,2021-10-25,2021,4,10,October,43,25,0,Monday,False
709,2021-04-09,2021,2,4,April,14,9,4,Friday,False
710,2023-12-31,2023,4,12,December,52,31,6,Sunday,True
711,2022-05-04,2022,2,5,May,18,4,2,Wednesday,False
712,2021-04-28,2021,2,4,April,17,28,2,Wednesday,False
713,2021-08-19,2021,3,8,August,33,19,3,Thursday,False
714,2020-05-04,2020,2,5,May,19,4,0,Monday,False
715,2023-03-03,2023,1,3,March,9,3,4,Friday,False
716,2021-02-28,2021,1,2,February,8,28,6,Sunday,True
717,2022-06-14,2022,2,6,June,24,14,1,Tuesday,False
718,2023-01-28,2023,1,1,January,4,28,5,Saturday,True
719,2023-05-02,2023,2,5,May,18,2,1,Tuesday,False
720,2020-08-13,2020,3,8,August,33,13,3,Thursday,False
721,2023-06-04,2023,2,6,June,22,4,6,Sunday,True
722,2023-11-21,2023,4,11,November,47,21,1,Tuesday,False
723,2020-10-02,2020,4,10,October,40,2,4,Friday,False
724,2023-11-01,2023,4,11,November,44,1,2,Wednesday,False
725,2021-11-06,2021,4,11,November,44,6,5,Saturday,True
726,2021-12-20,2021,4,12,December,51,20,0,Monday,False
727,2021-09-12,2021,3,9,September,36,12,6,Sunday,True
728,2020-10-23,2020,4,10,October,43,23,4,Friday,False
729,2021-07-19,2021,3,7,July,29,19,0,Monday,False
730,2020-10-05,2020,4,10,October,41,5,0,Monday,False
731,2022-11-14,2022,4,11,November,46,14,0,Monday,False
732,2020-11-04,2020,4,11,November,45,4,2,Wednesday,False
733,2021-12-18,2021,4,12,December,50,18,5,Saturday,True
734,2020-05-10,2020,2,5,May,19,10,6,Sunday,True
735,2020-01-16,2020,1,1,January,3,16,3,Thursday,False
736,2022-01-09,2022,1,1,January,1,9,6,Sunday,True
737,2023-08-31,2023,3,8,August,35,31,3,Thursday,False
738,2020-07-12,2020,3,7,July,28,12,6,Sunday,True
739,2023-03-26,2023,1,3,March,12,26,6,Sunday,True
740,2024-01-18,2024,1,1,January,3,18,3,Thursday,False
741,2020-10-16,2020,4,10,October,42,16,4,Friday,False
742,2024-10-13,2024,4,10,October,41,13,6,Sunday,True
743,2022-06-07,2022,2,6,June,23,7,1,Tuesday,False
744,2022-05-17,2022,2,5,May,20,17,1,Tuesday,False
745,2021-08-07,2021,3,8,August,31,7,5,Saturday,True
746,2020-07-23,2020,3,7,July,30,23,3,Thursday,False
747,2021-04-24,2021,2,4,April,16,24,5,Saturday,True
748,2024-02-18,2024,1,2,February,7,18,6,Sunday,True
749,2022-07-06,2022,3,7,July,27,6,2,Wednesday,False
750,2022-06-03,2022,2,6,June,22,3,4,Friday,False
751,2020-08-19,2020,3,8,August,34,19,2,Wednesday,False
752,2023-06-05,2023,2,6,June,23,5,0,Monday,False
753,2020-08-23,2020,3,8,August,34,23,6,Sunday,True
754,2020-12-06,2020,4,12,December,49,6,6,Sunday,True
755,2022-07-24,2022,3,7,July,29,24,6,Sunday,True
756,2024-10-28,2024,4,10,October,44,28,0,Monday,False
757,2021-02-16,2021,1,2,February,7,16,1,Tuesday,False
758,2020-07-28,2020,3,7,July,31,28,1,Tuesday,False
759,2023-04-05,2023,2,4,April,14,5,2,Wednesday,False
760,2021-02-18,2021,1,2,February,7,18,3,Thursday,False
761,2022-06-01,2022,2,6,June,22,1,2,Wednesday,False
762,2022-10-09,2022,4,10,October,40,9,6,Sunday,True
763,2024-01-04,2024,1,1,January,1,4,3,Thursday,False
764,2024-11-04,2024,4,11,November,45,4,0,Monday,False
765,2022-10-30,2022,4,10,October,43,30,6,Sunday,True
766,2022-12-21,2022,4,12,December,51,21,2,Wednesday,False
767,2020-07-31,2020,3,7,July,31,31,4,Friday,False
768,2021-08-22,2021,3,8,August,33,22,6,Sunday,True
769,2021-05-23,2021,2,5,May,20,23,6,Sunday,True
770,2020-02-18,2020,1,2,February,8,18,1,Tuesday,False
771,2020-07-15,2020,3,7,July,29,15,2,Wednesday,False
772,2020-05-30,2020,2,5,May,22,30,5,Saturday,True
773,2022-05-29,2022,2,5,May,21,29,6,Sunday,True
774,2020-03-07,2020,1,3,March,10,7,5,Saturday,True
775,2022-06-12,2022,2,6,June,23,12,6,Sunday,True
776,2022-02-15,2022,1,2,February,7,15,1,Tuesday,False
777,2022-07-20,2022,3,7,July,29,20,2,Wednesday,False
778,2020-08-25,2020,3,8,August,35,25,1,Tuesday,False
779,2020-05-06,2020,2,5,May,19,6,2,Wednesday,False
780,2023-12-23,2023,4,12,December,51,23,5,Saturday,True
781,2021-06-03,2021,2,6,June,22,3,3,Thursday,False
782,2024-02-06,2024,1,2,February,6,6,1,Tuesday,False
783,2024-03-29,2024,1,3,March,13,29,4,Friday,False
784,2021-12-03,2021,4,12,December,48,3,4,Friday,False
785,2022-05-07,2022,2,5,May,18,7,5,Saturday,True
786,2022-01-30,2022,1,1,January,4,30,6,Sunday,True
787,2020-04-08,2020,2,4,April,15,8,2,Wednesday,False
788,2024-03-20,2024,1,3,March,12,20,2,Wednesday,False
789,2023-09-03,2023,3,9,September,35,3,6,Sunday,True
790,2020-05-17,2020,2,5,May,20,17,6,Sunday,True
791,2023-08-09,2023,3,8,August,32,9,2,Wednesday,False
792,2022-07-28,2022,3,7,July,30,28,3,Thursday,False
793,2024-03-01,2024,1,3,March,9,1,4,Friday,False
794,2021-01-04,2021,1,1,January,1,4,0,Monday,False
795,2023-10-28,2023,4,10,October,43,28,5,Saturday,True
796,2022-01-05,2022,1,1,January,1,5,2,Wednesday,False
797,2022-02-07,2022,1,2,February,6,7,0,Monday,False
798,2022-07-19,2022,3,7,July,29,19,1,Tuesday,False
799,2024-06-08,2024,2,6,June,23,8,5,Saturday,True
800,2022-06-22,2022,2,6,June,25,22,2,Wednesday,False
801,2021-07-09,2021,3,7,July,27,9,4,Friday,False
802,2023-12-24,2023,4,12,December,51,24,6,Sunday,True
803,2024-04-07,2024,2,4,April,14,7,6,Sunday,True
804,2021-02-06,2021,1,2,February,5,6,5,Saturday,True
805,2022-03-13,2022,1,3,March,10,13,6,Sunday,True
806,2020-03-08,2020,1,3,March,10,8,6,Sunday,True
807,2022-06-24,2022,2,6,June,25,24,4,Friday,False
808,2022-05-15,2022,2,5,May,19,15,6,Sunday,True
809,2024-10-03,2024,4,10,October,40,3,3,Thursday,False
810,2020-03-21,2020,1,3,March,12,21,5,Saturday,True
811,2022-09-17,2022,3,9,September,37,17,5,Saturday,True
812,2023-06-06,2023,2,6,June,23,6,1,Tuesday,False
813,2023-02-09,2023,1,2,February,6,9,3,Thursday,False
814,2022-11-19,2022,4,11,November,46,19,5,Saturday,True
815,2021-03-10,2021,1,3,March,10,10,2,Wednesday,False
816,2024-02-10,2024,1,2,February,6,10,5,Saturday,True
817,2022-05-24,2022,2,5,May,21,24,1,Tuesday,False
818,2023-01-09,2023,1,1,January,2,9,0,Monday,False
819,2024-05-03,2024,2,5,May,18,3,4,Friday,False
820,2023-10-16,2023,4,10,October,42,16,0,Monday,False
821,2022-10-21,2022,4,10,October,42,21,4,Friday,False
822,2024-12-02,2024,4,12,December,49,2,0,Monday,False
823,2022-01-22,2022,1,1,January,3,22,5,Saturday,True
824,2020-02-02,2020,1,2,February,5,2,6,Sunday,True
825,2020-09-09,2020,3,9,September,37,9,2,Wednesday,False
826,2023-05-07,2023,2,5,May,18,7,6,Sunday,True
827,2022-08-25,2022,3,8,August,34,25,3,Thursday,False
828,2021-09-14,2021,3,9,September,37,14,1,Tuesday,False
829,2021-02-11,2021,1,2,February,6,11,3,Thursday,False
830,2020-05-29,2020,2,5,May,22,29,4,Friday,False
831,2022-05-18,2022,2,5,May,20,18,2,Wednesday,False
832,2024-04-22,2024,2,4,April,17,22,0,Monday,False
833,2020-10-10,2020,4,10,October,41,10,5,Saturday,True
834,2023-10-17,2023,4,10,October,42,17,1,Tuesday,False
835,2023-12-05,2023,4,12,December,49,5,1,Tuesday,False
836,2021-03-12,2021,1,3,March,10,12,4,Friday,False
837,2023-03-23,2023,1,3,March,12,23,3,Thursday,False
838,2021-02-20,2021,1,2,February,7,20,5,Saturday,True
839,2022-12-01,2022,4,12,December,48,1,3,Thursday,False
840,2020-08-18,2020,3,8,August,34,18,1,Tuesday,False
841,2020-03-12,2020,1,3,March,11,12,3,Thursday,False
842,2021-07-10,2021,3,7,July,27,10,5,Saturday,True
843,2024-03-03,2024,1,3,March,9,3,6,Sunday,True
844,2020-03-02,2020,1,3,March,10,2,0,Monday,False
845,2022-08-24,2022,3,8,August,34,24,2,Wednesday,False
846,2024-04-02,2024,2,4,April,14,2,1,Tuesday,False
847,2020-11-12,2020,4,11,November,46,12,3,Thursday,False
848,2024-03-31,2024,1,3,March,13,31,6,Sunday,True
849,2020-06-20,2020,2,6,June,25,20,5,Saturday,True
850,2022-03-25,2022,1,3,March,12,25,4,Friday,False
851,2021-10-20,2021,4,10,October,42,20,2,Wednesday,False
852,2022-02-17,2022,1,2,February,7,17,3,Thursday,False
853,2022-02-09,2022,1,2,February,6,9,2,Wednesday,False
854,2021-03-28,2021,1,3,March,12,28,6,Sunday,True
855,2022-03-21,2022,1,3,March,12,21,0,Monday,False
856,2024-03-23,2024,1,3,March,12,23,5,Saturday,True
857,2024-04-17,2024,2,4,April,16,17,2,Wednesday,False
858,2020-06-25,2020,2,6,June,26,25,3,Thursday,False
859,2023-09-20,2023,3,9,September,38,20,2,Wednesday,False
860,2024-05-10,2024,2,5,May,19,10,4,Friday,False
861,2021-10-17,2021,4,10,October,41,17,6,Sunday,True
862,2023-04-18,2023,2,4,April,16,18,1,Tuesday,False
863,2021-11-23,2021,4,11,November,47,23,1,Tuesday,False
864,2022-05-13,2022,2,5,May,19,13,4,Friday,False
865,2024-07-29,2024,3,7,July,31,29,0,Monday,False
866,2020-08-04,2020,3,8,August,32,4,1,Tuesday,False
867,2021-01-11,2021,1,1,January,2,11,0,Monday,False
868,2022-07-09,2022,3,7,July,27,9,5,Saturday,True
869,2022-04-29,2022,2,4,April,17,29,4,Friday,False
870,2021-05-01,2021,2,5,May,17,1,5,Saturday,True
871,2021-10-06,2021,4,10,October,40,6,2,Wednesday,False
872,2024-02-03,2024,1,2,February,5,3,5,Saturday,True
873,2022-11-25,2022,4,11,November,47,25,4,Friday,False
874,2021-09-22,2021,3,9,September,38,22,2,Wednesday,False
875,2023-04-06,2023,2,4,April,14,6,3,Thursday,False
876,2023-06-09,2023,2,6,June,23,9,4,Friday,False
877,2021-06-20,2021,2,6,June,24,20,6,Sunday,True
878,2020-01-31,2020,1,1,January,5,31,4,Friday,False
879,2021-04-18,2021,2,4,April,15,18,6,Sunday,True
880,2023-10-18,2023,4,10,October,42,18,2,Wednesday,False
881,2020-04-27,2020,2,4,April,18,27,0,Monday,False
882,2022-08-01,2022,3,8,August,31,1,0,Monday,False
883,2020-02-29,2020,1,2,February,9,29,5,Saturday,True
884,2021-04-01,2021,2,4,April,13,1,3,Thursday,False
885,2023-01-02,2023,1,1,January,1,2,0,Monday,False
886,2022-10-23,2022,4,10,October,42,23,6,Sunday,True
887,2024-06-12,2024,2,6,June,24,12,2,Wednesday,False
888,2023-03-05,2023,1,3,March,9,5,6,Sunday,True
889,2022-05-05,2022,2,5,May,18,5,3,Thursday,False
890,2024-07-15,2024,3,7,July,29,15,0,Monday,False
891,2020-02-01,2020,1,2,February,5,1,5,Saturday,True
892,2020-03-20,2020,1,3,March,12,20,4,Friday,False
893,2021-02-03,2021,1,2,February,5,3,2,Wednesday,False
894,2023-08-16,2023,3,8,August,33,16,2,Wednesday,False
895,2023-06-07,2023,2,6,June,23,7,2,Wednesday,False
896,2020-01-12,2020,1,1,January,2,12,6,Sunday,True
897,2020-01-22,2020,1,1,January,4,22,2,Wednesday,False
898,2023-01-16,2023,1,1,January,3,16,0,Monday,False
899,2024-12-08,2024,4,12,December,49,8,6,Sunday,True
900,2022-12-07,2022,4,12,December,49,7,2,Wednesday,False
901,2020-10-04,2020,4,10,October,40,4,6,Sunday,True
902,2024-01-12,2024,1,1,January,2,12,4,Friday,False
903,2020-06-27,2020,2,6,June,26,27,5,Saturday,True
904,2023-11-15,2023,4,11,November,46,15,2,Wednesday,False
905,2021-10-01,2021,4,10,October,39,1,4,Friday,False
906,2021-11-26,2021,4,11,November,47,26,4,Friday,False
907,2020-04-23,2020,2,4,April,17,23,3,Thursday,False
908,2021-12-02,2021,4,12,December,48,2,3,Thursday,False
909,2020-02-14,2020,1,2,February,7,14,4,Friday,False
910,2020-05-25,2020,2,5,May,22,25,0,Monday,False
911,2021-11-08,2021,4,11,November,45,8,0,Monday,False
912,2022-10-02,2022,4,10,October,39,2,6,Sunday,True
913,2021-02-27,2021,1,2,February,8,27,5,Saturday,True
914,2020-11-28,2020,4,11,November,48,28,5,Saturday,True
915,2024-05-02,2024,2,5,May,18,2,3,Thursday,False
916,2023-10-06,2023,4,10,October,40,6,4,Friday,False
917,2020-06-11,2020,2,6,June,24,11,3,Thursday,False
918,2020-12-27,2020,4,12,December,52,27,6,Sunday,True
919,2022-05-14,2022,2,5,May,19,14,5,Saturday,True
920,2024-01-26,2024,1,1,January,4,26,4,Friday,False
921,2021-06-08,2021,2,6,June,23,8,1,Tuesday,False
922,2021-05-24,2021,2,5,May,21,24,0,Monday,False
923,2024-03-05,2024,1,3,March,10,5,1,Tuesday,False
924,2022-07-01,2022,3,7,July,26,1,4,Friday,False
925,2021-10-15,2021,4,10,October,41,15,4,Friday,False
926,2021-08-03,2021,3,8,August,31,3,1,Tuesday,False
927,2022-10-19,2022,4,10,October,42,19,2,Wednesday,False
928,2022-01-13,2022,1,1,January,2,13,3,Thursday,False
929,2023-01-11,2023,1,1,January,2,11,2,Wednesday,False
930,2021-02-17,2021,1,2,February,7,17,2,Wednesday,False
931,2023-11-28,2023,4,11,November,48,28,1,Tuesday,False
932,2023-01-22,2023,1,1,January,3,22,6,Sunday,True
933,2021-07-29,2021,3,7,July,30,29,3,Thursday,False
934,2021-11-27,2021,4,11,November,47,27,5,Saturday,True
935,2023-07-06,2023,3,7,July,27,6,3,Thursday,False
936,2023-11-11,2023,4,11,November,45,11,5,Saturday,True
937,2023-03-20,2023,1,3,March,12,20,0,Monday,False
938,2024-04-21,2024,2,4,April,16,21,6,Sunday,True
939,2020-02-03,2020,1,2,February,6,3,0,Monday,False
940,2022-06-23,2022,2,6,June,25,23,3,Thursday,False
941,2020-01-23,2020,1,1,January,4,23,3,Thursday,False
942,2023-09-22,2023,3,9,September,38,22,4,Friday,False
943,2022-03-24,2022,1,3,March,12,24,3,Thursday,False
944,2024-05-24,2024,2,5,May,21,24,4,Friday,False
945,2021-10-30,2021,4,10,October,43,30,5,Saturday,True
946,2023-07-18,2023,3,7,July,29,18,1,Tuesday,False
947,2024-10-31,2024,4,10,October,44,31,3,Thursday,False
948,2024-08-12,2024,3,8,August,33,12,0,Monday,False
949,2023-10-31,2023,4,10,October,44,31,1,Tuesday,False
950,2020-03-17,2020,1,3,March,12,17,1,Tuesday,False
951,2023-05-26,2023,2,5,May,21,26,4,Friday,False
952,2022-12-31,2022,4,12,December,52,31,5,Saturday,True
953,2022-03-12,2022,1,3,March,10,12,5,Saturday,True
954,2021-07-12,2021,3,7,July,28,12,0,Monday,False
955,2020-04-26,2020,2,4,April,17,26,6,Sunday,True
956,2023-03-27,2023,1,3,March,13,27,0,Monday,False
957,2020-04-04,2020,2,4,April,14,4,5,Saturday,True
958,2023-09-30,2023,3,9,September,39,30,5,Saturday,True
959,2023-04-12,2023,2,4,April,15,12,2,Wednesday,False
960,2021-04-10,2021,2,4,April,14,10,5,Saturday,True
961,2024-11-17,2024,4,11,November,46,17,6,Sunday,True
962,2021-06-07,2021,2,6,June,23,7,0,Monday,False
963,2020-06-16,2020,2,6,June,25,16,1,Tuesday,False
964,2020-06-02,2020,2,6,June,23,2,1,Tuesday,False
965,2024-11-16,2024,4,11,November,46,16,5,Saturday,True
966,2023-04-27,2023,2,4,April,17,27,3,Thursday,False
967,2024-02-13,2024,1,2,February,7,13,1,Tuesday,False
968,2020-02-16,2020,1,2,February,7,16,6,Sunday,True
969,2021-11-29,2021,4,11,November,48,29,0,Monday,False
970,2020-11-03,2020,4,11,November,45,3,1,Tuesday,False
971,2021-04-07,2021,2,4,April,14,7,2,Wednesday,False
972,2021-07-31,2021,3,7,July,30,31,5,Saturday,True
973,2023-07-23,2023,3,7,July,29,23,6,Sunday,True
974,2020-03-26,2020,1,3,March,13,26,3,Thursday,False
975,2024-11-24,2024,4,11,November,47,24,6,Sunday,True
976,2022-04-06,2022,2,4,April,14,6,2,Wednesday,False
977,2023-08-15,2023,3,8,August,33,15,1,Tuesday,False
978,2024-03-15,2024,1,3,March,11,15,4,Friday,False
979,2021-05-27,2021,2,5,May,21,27,3,Thursday,False
980,2024-12-20,2024,4,12,December,51,20,4,Friday,False
981,2022-05-31,2022,2,5,May,22,31,1,Tuesday,False
982,2023-06-18,2023,2,6,June,24,18,6,Sunday,True
983,2020-08-14,2020,3,8,August,33,14,4,Friday,False
984,2020-08-09,2020,3,8,August,32,9,6,Sunday,True
985,2023-06-10,2023,2,6,June,23,10,5,Saturday,True
986,2022-09-03,2022,3,9,September,35,3,5,Saturday,True
987,2023-07-09,2023,3,7,July,27,9,6,Sunday,True
988,2023-09-28,2023,3,9,September,39,28,3,Thursday,False
989,2021-12-06,2021,4,12,December,49,6,0,Monday,False
990,2023-02-27,2023,1,2,February,9,27,0,Monday,False
991,2021-02-26,2021,1,2,February,8,26,4,Friday,False
992,2023-02-26,2023,1,2,February,8,26,6,Sunday,True
993,2021-12-13,2021,4,12,December,50,13,0,Monday,False
994,2023-10-24,2023,4,10,October,43,24,1,Tuesday,False
995,2024-05-19,2024,2,5,May,20,19,6,Sunday,True
996,2021-12-15,2021,4,12,December,50,15,2,Wednesday,False
997,2023-07-10,2023,3,7,July,28,10,0,Monday,False
998,2020-10-21,2020,4,10,October,43,21,2,Wednesday,False
999,2024-07-18,2024,3,7,July,29,18,3,Thursday,False
1000,2022-09-16,2022,3,9,September,37,16,4,Friday,False
1001,2020-07-21,2020,3,7,July,30,21,1,Tuesday,False
1002,2020-08-29,2020,3,8,August,35,29,5,Saturday,True
1003,2022-11-20,2022,4,11,November,46,20,6,Sunday,True
1004,2020-08-03,2020,3,8,August,32,3,0,Monday,False
1005,2023-05-15,2023,2,5,May,20,15,0,Monday,False
1006,2020-07-09,2020,3,7,July,28,9,3,Thursday,False
1007,2020-04-30,2020,2,4,April,18,30,3,Thursday,False
1008,2023-11-19,2023,4,11,November,46,19,6,Sunday,True
1009,2022-05-16,2022,2,5,May,20,16,0,Monday,False
1010,2021-10-16,2021,4,10,October,41,16,5,Saturday,True
1011,2020-02-28,2020,1,2,February,9,28,4,Friday,False
1012,2022-12-27,2022,4,12,December,52,27,1,Tuesday,False
1013,2023-04-19,2023,2,4,April,16,19,2,Wednesday,False
1014,2020-06-06,2020,2,6,June,23,6,5,Saturday,True
1015,2022-08-14,2022,3,8,August,32,14,6,Sunday,True
1016,2024-06-21,2024,2,6,June,25,21,4,Friday,False
1017,2023-09-19,2023,3,9,September,38,19,1,Tuesday,False
1018,2020-12-07,2020,4,12,December,50,7,0,Monday,False
1019,2024-04-29,2024,2,4,April,18,29,0,Monday,False
1020,2021-05-18,2021,2,5,May,20,18,1,Tuesday,False
1021,2022-05-02,2022,2,5,May,18,2,0,Monday,False
1022,2020-12-29,2020,4,12,December,53,29,1,Tuesday,False
1023,2020-04-17,2020,2,4,April,16,17,4,Friday,False
1024,2024-02-04,2024,1,2,February,5,4,6,Sunday,True
1025,2022-06-28,2022,2,6,June,26,28,1,Tuesday,False
1026,2020-07-30,2020,3,7,July,31,30,3,Thursday,False
1027,2022-08-21,2022,3,8,August,33,21,6,Sunday,True
1028,2023-09-13,2023,3,9,September,37,13,2,Wednesday,False
1029,2020-06-15,2020,2,6,June,25,15,0,Monday,False
1030,2024-08-05,2024,3,8,August,32,5,0,Monday,False
1031,2022-10-31,2022,4,10,October,44,31,0,Monday,False
1032,2023-08-03,2023,3,8,August,31,3,3,Thursday,False
1033,2022-09-04,2022,3,9,September,35,4,6,Sunday,True
1034,2023-02-16,2023,1,2,February,7,16,3,Thursday,False
1035,2020-11-09,2020,4,11,November,46,9,0,Monday,False
1036,2024-03-07,2024,1,3,March,10,7,3,Thursday,False
1037,2023-09-08,2023,3,9,September,36,8,4,Friday,False
1038,2023-04-14,2023,2,4,April,15,14,4,Friday,False
1039,2021-08-20,2021,3,8,August,33,20,4,Friday,False
1040,2022-09-28,2022,3,9,September,39,28,2,Wednesday,False
1041,2021-12-27,2021,4,12,December,52,27,0,Monday,False
1042,2023-10-25,2023,4,10,October,43,25,2,Wednesday,False
1043,2020-11-16,2020,4,11,November,47,16,0,Monday,False
1044,2024-09-02,2024,3,9,September,36,2,0,Monday,False
1045,2020-10-27,2020,4,10,October,44,27,1,Tuesday,False
1046,2023-07-19,2023,3,7,July,29,19,2,Wednesday,False
1047,2022-05-08,2022,2,5,May,18,8,6,Sunday,True
1048,2022-02-06,2022,1,2,February,5,6,6,Sunday,True
1049,2021-04-25,2021,2,4,April,16,25,6,Sunday,True
1050,2022-06-16,2022,2,6,June,24,16,3,Thursday,False
1051,2022-07-12,2022,3,7,July,28,12,1,Tuesday,False
1052,2020-11-29,2020,4,11,November,48,29,6,Sunday,True
1053,2024-09-26,2024,3,9,September,39,26,3,Thursday,False
1054,2020-06-07,2020,2,6,June,23,7,6,Sunday,True
1055,2022-05-12,2022,2,5,May,19,12,3,Thursday,False
1056,2024-12-15,2024,4,12,December,50,15,6,Sunday,True
1057,2022-05-26,2022,2,5,May,21,26,3,Thursday,False
1058,2021-07-16,2021,3,7,July,28,16,4,Friday,False
1059,2021-02-04,2021,1,2,February,5,4,3,Thursday,False
1060,2023-12-07,2023,4,12,December,49,7,3,Thursday,False
1061,2024-07-24,2024,3,7,July,30,24,2,Wednesday,False
1062,2020-11-17,2020,4,11,November,47,17,1,Tuesday,False
1063,2022-08-02,2022,3,8,August,31,2,1,Tuesday,False
1064,2023-01-26,2023,1,1,January,4,26,3,Thursday,False
1065,2023-05-28,2023,2,5,May,21,28,6,Sunday,True
1066,2020-01-15,2020,1,1,January,3,15,2,Wednesday,False
1067,2021-04-19,2021,2,4,April,16,19,0,Monday,False
1068,2023-06-15,2023,2,6,June,24,15,3,Thursday,False
1069,2020-11-14,2020,4,11,November,46,14,5,Saturday,True
1070,2020-06-28,2020,2,6,June,26,28,6,Sunday,True
1071,2020-12-02,2020,4,12,December,49,2,2,Wednesday,False
1072,2021-06-23,2021,2,6,June,25,23,2,Wednesday,False
1073,2022-01-24,2022,1,1,January,4,24,0,Monday,False
1074,2022-10-18,2022,4,10,October,42,18,1,Tuesday,False
1075,2021-09-26,2021,3,9,September,38,26,6,Sunday,True
1076,2020-12-14,2020,4,12,December,51,14,0,Monday,False
1077,2022-07-11,2022,3,7,July,28,11,0,Monday,False
1078,2020-06-29,2020,2,6,June,27,29,0,Monday,False
1079,2024-01-28,2024,1,1,January,4,28,6,Sunday,True
1080,2021-12-22,2021,4,12,December,51,22,2,Wednesday,False
1081,2021-08-18,2021,3,8,August,33,18,2,Wednesday,False
1082,2021-12-11,2021,4,12,December,49,11,5,Saturday,True
1083,2020-01-29,2020,1,1,January,5,29,2,Wednesday,False
1084,2022-11-03,2022,4,11,November,44,3,3,Thursday,False
1085,2023-03-21,2023,1,3,March,12,21,1,Tuesday,False
1086,2022-09-22,2022,3,9,September,38,22,3,Thursday,False
1087,2020-02-24,2020,1,2,February,9,24,0,Monday,False
1088,2020-07-25,2020,3,7,July,30,25,5,Saturday,True
1089,2021-05-13,2021,2,5,May,19,13,3,Thursday,False
1090,2022-08-29,2022,3,8,August,35,29,0,Monday,False
1091,2022-09-09,2022,3,9,September,36,9,4,Friday,False
1092,2020-07-16,2020,3,7,July,29,16,3,Thursday,False
1093,2021-05-12,2021,2,5,May,19,12,2,Wednesday,False
1094,2023-11-10,2023,4,11,November,45,10,4,Friday,False
1095,2023-05-04,2023,2,5,May,18,4,3,Thursday,False
1096,2023-04-21,2023,2,4,April,16,21,4,Friday,False
1097,2024-04-23,2024,2,4,April,17,23,1,Tuesday,False
1098,2020-02-10,2020,1,2,February,7,10,0,Monday,False
1099,2021-06-06,2021,2,6,June,22,6,6,Sunday,True
1100,2022-03-06,2022,1,3,March,9,6,6,Sunday,True
1101,2022-11-24,2022,4,11,November,47,24,3,Thursday,False
1102,2024-02-11,2024,1,2,February,6,11,6,Sunday,True
1103,2023-06-25,2023,2,6,June,25,25,6,Sunday,True
1104,2023-08-07,2023,3,8,August,32,7,0,Monday,False
1105,2020-02-21,2020,1,2,February,8,21,4,Friday,False
1106,2022-03-11,2022,1,3,March,10,11,4,Friday,False
1107,2022-11-22,2022,4,11,November,47,22,1,Tuesday,False
1108,2024-05-28,2024,2,5,May,22,28,1,Tuesday,False
1109,2024-01-27,2024,1,1,January,4,27,5,Saturday,True
1110,2023-06-16,2023,2,6,June,24,16,4,Friday,False
1111,2023-12-02,2023,4,12,December,48,2,5,Saturday,True
1112,2020-01-10,2020,1,1,January,2,10,4,Friday,False
1113,2020-09-07,2020,3,9,September,37,7,0,Monday,False
1114,2022-05-28,2022,2,5,May,21,28,5,Saturday,True
1115,2020-07-11,2020,3,7,July,28,11,5,Saturday,True
1116,2023-03-30,2023,1,3,March,13,30,3,Thursday,False
1117,2022-07-05,2022,3,7,July,27,5,1,Tuesday,False
1118,2023-08-10,2023,3,8,August,32,10,3,Thursday,False
1119,2023-06-12,2023,2,6,June,24,12,0,Monday,False
1120,2023-06-22,2023,2,6,June,25,22,3,Thursday,False
1121,2024-02-07,2024,1,2,February,6,7,2,Wednesday,False
1122,2022-03-16,2022,1,3,March,11,16,2,Wednesday,False
1123,2020-03-16,2020,1,3,March,12,16,0,Monday,False
1124,2020-04-11,2020,2,4,April,15,11,5,Saturday,True
1125,2022-10-06,2022,4,10,October,40,6,3,Thursday,False
1126,2022-08-23,2022,3,8,August,34,23,1,Tuesday,False
1127,2022-07-15,2022,3,7,July,28,15,4,Friday,False
1128,2022-12-30,2022,4,12,December,52,30,4,Friday,False
1129,2023-10-29,2023,4,10,October,43,29,6,Sunday,True
1130,2023-02-07,2023,1,2,February,6,7,1,Tuesday,False
1131,2023-07-17,2023,3,7,July,29,17,0,Monday,False
1132,2020-12-16,2020,4,12,December,51,16,2,Wednesday,False
1133,2021-07-06,2021,3,7,July,27,6,1,Tuesday,False
1134,2022-11-15,2022,4,11,November,46,15,1,Tuesday,False
1135,2024-04-24,2024,2,4,April,17,24,2,Wednesday,False
1136,2020-03-10,2020,1,3,March,11,10,1,Tuesday,False
1137,2022-04-30,2022,2,4,April,17,30,5,Saturday,True
1138,2024-08-14,2024,3,8,August,33,14,2,Wednesday,False
1139,2023-02-20,2023,1,2,February,8,20,0,Monday,False
1140,2021-06-11,2021,2,6,June,23,11,4,Friday,False
1141,2022-01-29,2022,1,1,January,4,29,5,Saturday,True
1142,2022-04-07,2022,2,4,April,14,7,3,Thursday,False
1143,2021-09-02,2021,3,9,September,35,2,3,Thursday,False
1144,2021-12-30,2021,4,12,December,52,30,3,Thursday,False
1145,2020-01-11,2020,1,1,January,2,11,5,Saturday,True
1146,2021-05-06,2021,2,5,May,18,6,3,Thursday,False
1147,2020-07-08,2020,3,7,July,28,8,2,Wednesday,False
1148,2023-05-22,2023,2,5,May,21,22,0,Monday,False
1149,2024-01-23,2024,1,1,January,4,23,1,Tuesday,False
1150,2022-01-26,2022,1,1,January,4,26,2,Wednesday,False
1151,2020-02-09,2020,1,2,February,6,9,6,Sunday,True
1152,2021-07-27,2021,3,7,July,30,27,1,Tuesday,False
1153,2023-04-13,2023,2,4,April,15,13,3,Thursday,False
1154,2023-10-15,2023,4,10,October,41,15,6,Sunday,True
1155,2020-03-05,2020,1,3,March,10,5,3,Thursday,False
1156,2021-01-21,2021,1,1,January,3,21,3,Thursday,False
1157,2023-09-24,2023,3,9,September,38,24,6,Sunday,True
1158,2023-03-06,2023,1,3,March,10,6,0,Monday,False
1159,2024-03-11,2024,1,3,March,11,11,0,Monday,False
1160,2021-06-24,2021,2,6,June,25,24,3,Thursday,False
1161,2021-11-17,2021,4,11,November,46,17,2,Wednesday,False
1162,2020-01-04,2020,1,1,January,1,4,5,Saturday,True
1163,2021-08-01,2021,3,8,August,30,1,6,Sunday,True
1164,2020-09-08,2020,3,9,September,37,8,1,Tuesday,False
1165,2020-01-07,2020,1,1,January,2,7,1,Tuesday,False
1166,2023-07-07,2023,3,7,July,27,7,4,Friday,False
1167,2024-05-17,2024,2,5,May,20,17,4,Friday,False
1168,2024-02-09,2024,1,2,February,6,9,4,Friday,False
1169,2020-08-10,2020,3,8,August,33,10,0,Monday,False
1170,2023-07-01,2023,3,7,July,26,1,5,Saturday,True
1171,2023-05-11,2023,2,5,May,19,11,3,Thursday,False
1172,2022-01-12,2022,1,1,January,2,12,2,Wednesday,False
1173,2023-01-23,2023,1,1,January,4,23,0,Monday,False
1174,2021-09-17,2021,3,9,September,37,17,4,Friday,False
1175,2021-09-19,2021,3,9,September,37,19,6,Sunday,True
1176,2023-10-05,2023,4,10,October,40,5,3,Thursday,False
1177,2023-01-20,2023,1,1,January,3,20,4,Friday,False
1178,2021-11-30,2021,4,11,November,48,30,1,Tuesday,False
1179,2023-08-08,2023,3,8,August,32,8,1,Tuesday,False
1180,2022-09-24,2022,3,9,September,38,24,5,Saturday,True
1181,2022-07-29,2022,3,7,July,30,29,4,Friday,False
1182,2023-07-02,2023,3,7,July,26,2,6,Sunday,True
1183,2022-08-09,2022,3,8,August,32,9,1,Tuesday,False
1184,2023-12-13,2023,4,12,December,50,13,2,Wednesday,False
1185,2021-10-05,2021,4,10,October,40,5,1,Tuesday,False
1186,2022-05-10,2022,2,5,May,19,10,1,Tuesday,False
1187,2020-04-14,2020,2,4,April,16,14,1,Tuesday,False
1188,2020-01-28,2020,1,1,January,5,28,1,Tuesday,False
1189,2020-01-30,2020,1,1,January,5,30,3,Thursday,False
1190,2022-06-09,2022,2,6,June,23,9,3,Thursday,False
1191,2021-08-15,2021,3,8,August,32,15,6,Sunday,True
1192,2022-02-19,2022,1,2,February,7,19,5,Saturday,True
1193,2020-11-08,2020,4,11,November,45,8,6,Sunday,True
1194,2021-08-05,2021,3,8,August,31,5,3,Thursday,False
1195,2020-06-04,2020,2,6,June,23,4,3,Thursday,False
1196,2020-08-24,2020,3,8,August,35,24,0,Monday,False
1197,2024-08-21,2024,3,8,August,34,21,2,Wednesday,False
1198,2021-11-03,2021,4,11,November,44,3,2,Wednesday,False
1199,2020-11-13,2020,4,11,November,46,13,4,Friday,False
1200,2020-09-12,2020,3,9,September,37,12,5,Saturday,True
1201,2024-10-20,2024,4,10,October,42,20,6,Sunday,True
1202,2022-11-21,2022,4,11,November,47,21,0,Monday,False
1203,2022-01-07,2022,1,1,January,1,7,4,Friday,False
1204,2020-12-28,2020,4,12,December,53,28,0,Monday,False
1205,2022-08-26,2022,3,8,August,34,26,4,Friday,False
1206,2024-12-09,2024,4,12,December,50,9,0,Monday,False
1207,2022-06-20,2022,2,6,June,25,20,0,Monday,False
1208,2022-02-18,2022,1,2,February,7,18,4,Friday,False
1209,2023-12-12,2023,4,12,December,50,12,1,Tuesday,False
1210,2021-06-10,2021,2,6,June,23,10,3,Thursday,False
1211,2022-07-21,2022,3,7,July,29,21,3,Thursday,False
1212,2022-11-05,2022,4,11,November,44,5,5,Saturday,True
1213,2023-06-21,2023,2,6,June,25,21,2,Wednesday,False
1214,2021-07-24,2021,3,7,July,29,24,5,Saturday,True
1215,2022-02-16,2022,1,2,February,7,16,2,Wednesday,False
1216,2020-02-12,2020,1,2,February,7,12,2,Wednesday,False
1217,2021-12-09,2021,4,12,December,49,9,3,Thursday,False
1218,2023-02-21,2023,1,2,February,8,21,1,Tuesday,False
1219,2024-07-12,2024,3,7,July,28,12,4,Friday,False
1220,2022-03-09,2022,1,3,March,10,9,2,Wednesday,False
1221,2020-08-31,2020,3,8,August,36,31,0,Monday,False
1222,2020-05-21,2020,2,5,May,21,21,3,Thursday,False
1223,2021-07-25,2021,3,7,July,29,25,6,Sunday,True
1224,2021-10-19,2021,4,10,October,42,19,1,Tuesday,False
1225,2020-07-17,2020,3,7,July,29,17,4,Friday,False
1226,2022-04-16,2022,2,4,April,15,16,5,Saturday,True
1227,2021-08-09,2021,3,8,August,32,9,0,Monday,False
1228,2020-05-05,2020,2,5,May,19,5,1,Tuesday,False
1229,2022-07-31,2022,3,7,July,30,31,6,Sunday,True
1230,2023-06-14,2023,2,6,June,24,14,2,Wednesday,False
1231,2024-06-15,2024,2,6,June,24,15,5,Saturday,True
1232,2020-12-24,2020,4,12,December,52,24,3,Thursday,False
1233,2021-11-25,2021,4,11,November,47,25,3,Thursday,False
1234,2020-10-12,2020,4,10,October,42,12,0,Monday,False
1235,2020-07-26,2020,3,7,July,30,26,6,Sunday,True
1236,2021-05-15,2021,2,5,May,19,15,5,Saturday,True
1237,2021-12-08,2021,4,12,December,49,8,2,Wednesday,False
1238,2022-11-29,2022,4,11,November,48,29,1,Tuesday,False
1239,2024-10-04,2024,4,10,October,40,4,4,Friday,False
1240,2024-06-20,2024,2,6,June,25,20,3,Thursday,False
1241,2022-06-30,2022,2,6,June,26,30,3,Thursday,False
1242,2020-01-14,2020,1,1,January,3,14,1,Tuesday,False
1243,2022-09-10,2022,3,9,September,36,10,5,Saturday,True
1244,2023-12-03,2023,4,12,December,48,3,6,Sunday,True
1245,2023-02-18,2023,1,2,February,7,18,5,Saturday,True
1246,2020-07-03,2020,3,7,July,27,3,4,Friday,False
1247,2023-02-22,2023,1,2,February,8,22,2,Wednesday,False
1248,2023-04-08,2023,2,4,April,14,8,5,Saturday,True
1249,2021-11-24,2021,4,11,November,47,24,2,Wednesday,False
1250,2024-11-01,2024,4,11,November,44,1,4,Friday,False
1251,2023-01-17,2023,1,1,January,3,17,1,Tuesday,False
1252,2024-10-27,2024,4,10,October,43,27,6,Sunday,True
1253,2022-02-26,2022,1,2,February,8,26,5,Saturday,True
1254,2020-06-21,2020,2,6,June,25,21,6,Sunday,True
1255,2023-02-05,2023,1,2,February,5,5,6,Sunday,True
1256,2024-06-26,2024,2,6,June,26,26,2,Wednesday,False
1257,2024-09-16,2024,3,9,September,38,16,0,Monday,False
1258,2023-07-03,2023,3,7,July,27,3,0,Monday,False
1259,2022-05-27,2022,2,5,May,21,27,4,Friday,False
1260,2023-06-19,2023,2,6,June,25,19,0,Monday,False
1261,2024-03-22,2024,1,3,March,12,22,4,Friday,False
1262,2023-08-18,2023,3,8,August,33,18,4,Friday,False
1263,2023-12-06,2023,4,12,December,49,6,2,Wednesday,False
1264,2020-01-05,2020,1,1,January,1,5,6,Sunday,True
1265,2021-01-07,2021,1,1,January,1,7,3,Thursday,False
1266,2020-07-04,2020,3,7,July,27,4,5,Saturday,True
1267,2020-11-11,2020,4,11,November,46,11,2,Wednesday,False
1268,2021-12-04,2021,4,12,December,48,4,5,Saturday,True
1269,2020-08-11,2020,3,8,August,33,11,1,Tuesday,False
1270,2021-04-17,2021,2,4,April,15,17,5,Saturday,True
1271,2021-08-10,2021,3,8,August,32,10,1,Tuesday,False
1272,2020-05-15,2020,2,5,May,20,15,4,Friday,False
1273,2022-08-05,2022,3,8,August,31,5,4,Friday,False
1274,2023-09-18,2023,3,9,September,38,18,0,Monday,False
1275,2020-09-23,2020,3,9,September,39,23,2,Wednesday,False
1276,2024-03-17,2024,1,3,March,11,17,6,Sunday,True
1277,2020-01-24,2020,1,1,January,4,24,4,Friday,False
1278,2021-01-31,2021,1,1,January,4,31,6,Sunday,True
1279,2020-08-15,2020,3,8,August,33,15,5,Saturday,True
1280,2021-11-11,2021,4,11,November,45,11,3,Thursday,False
1281,2024-09-21,2024,3,9,September,38,21,5,Saturday,True
1282,2023-08-12,2023,3,8,August,32,12,5,Saturday,True
1283,2022-02-04,2022,1,2,February,5,4,4,Friday,False
1284,2020-04-03,2020,2,4,April,14,3,4,Friday,False
1285,2023-11-02,2023,4,11,November,44,2,3,Thursday,False
1286,2024-08-18,2024,3,8,August,33,18,6,Sunday,True
1287,2023-10-30,2023,4,10,October,44,30,0,Monday,False
1288,2020-07-18,2020,3,7,July,29,18,5,Saturday,True
1289,2023-10-26,2023,4,10,October,43,26,3,Thursday,False
1290,2022-11-17,2022,4,11,November,46,17,3,Thursday,False
1291,2023-08-24,2023,3,8,August,34,24,3,Thursday,False
1292,2022-05-20,2022,2,5,May,20,20,4,Friday,False
1293,2024-09-03,2024,3,9,September,36,3,1,Tuesday,False
1294,2021-04-30,2021,2,4,April,17,30,4,Friday,False
1295,2024-08-19,2024,3,8,August,34,19,0,Monday,False
1296,2020-10-28,2020,4,10,October,44,28,2,Wednesday,False
1297,2021-03-29,2021,1,3,March,13,29,0,Monday,False
1298,2021-06-29,2021,2,6,June,26,29,1,Tuesday,False
1299,2024-04-01,2024,2,4,April,14,1,0,Monday,False
1300,2020-08-05,2020,3,8,August,32,5,2,Wednesday,False
1301,2022-06-04,2022,2,6,June,22,4,5,Saturday,True
1302,2022-06-02,2022,2,6,June,22,2,3,Thursday,False
1303,2024-03-08,2024,1,3,March,10,8,4,Friday,False
1304,2020-10-29,2020,4,10,October,44,29,3,Thursday,False
1305,2024-11-19,2024,4,11,November,47,19,1,Tuesday,False
1306,2021-09-15,2021,3,9,September,37,15,2,Wednesday,False
1307,2024-02-22,2024,1,2,February,8,22,3,Thursday,False
1308,2024-09-05,2024,3,9,September,36,5,3,Thursday,False
1309,2020-07-13,2020,3,7,July,29,13,0,Monday,False
1310,2022-05-23,2022,2,5,May,21,23,0,Monday,False
1311,2022-09-13,2022,3,9,September,37,13,1,Tuesday,False
1312,2023-02-17,2023,1,2,February,7,17,4,Friday,False
1313,2020-04-19,2020,2,4,April,16,19,6,Sunday,True
1314,2024-03-18,2024,1,3,March,12,18,0,Monday,False
1315,2024-09-23,2024,3,9,September,39,23,0,Monday,False
1316,2021-06-05,2021,2,6,June,22,5,5,Saturday,True
1317,2020-12-04,2020,4,12,December,49,4,4,Friday,False
1318,2023-12-27,2023,4,12,December,52,27,2,Wednesday,False
1319,2022-01-23,2022,1,1,January,3,23,6,Sunday,True
1320,2020-09-15,2020,3,9,September,38,15,1,Tuesday,False
1321,2020-12-08,2020,4,12,December,50,8,1,Tuesday,False
1322,2020-11-30,2020,4,11,November,49,30,0,Monday,False
1323,2021-07-15,2021,3,7,July,28,15,3,Thursday,False
1324,2022-09-21,2022,3,9,September,38,21,2,Wednesday,False
1325,2022-10-27,2022,4,10,October,43,27,3,Thursday,False
1326,2023-09-15,2023,3,9,September,37,15,4,Friday,False
1327,2020-05-27,2020,2,5,May,22,27,2,Wednesday,False
1328,2021-04-15,2021,2,4,April,15,15,3,Thursday,False
1329,2022-02-28,2022,1,2,February,9,28,0,Monday,False
1330,2024-04-16,2024,2,4,April,16,16,1,Tuesday,False
1331,2023-10-07,2023,4,10,October,40,7,5,Saturday,True
1332,2023-04-22,2023,2,4,April,16,22,5,Saturday,True
1333,2023-09-16,2023,3,9,September,37,16,5,Saturday,True
1334,2024-02-15,2024,1,2,February,7,15,3,Thursday,False
1335,2022-07-30,2022,3,7,July,30,30,5,Saturday,True
1336,2022-07-22,2022,3,7,July,29,22,4,Friday,False
1337,2021-12-12,2021,4,12,December,49,12,6,Sunday,True
1338,2024-03-24,2024,1,3,March,12,24,6,Sunday,True
1339,2021-11-20,2021,4,11,November,46,20,5,Saturday,True
1340,2020-04-22,2020,2,4,April,17,22,2,Wednesday,False
1341,2024-09-29,2024,3,9,September,39,29,6,Sunday,True
1342,2023-09-02,2023,3,9,September,35,2,5,Saturday,True
1343,2024-07-21,2024,3,7,July,29,21,6,Sunday,True
1344,2021-05-28,2021,2,5,May,21,28,4,Friday,False
1345,2021-03-16,2021,1,3,March,11,16,1,Tuesday,False
1346,2020-08-28,2020,3,8,August,35,28,4,Friday,False
1347,2023-05-18,2023,2,5,May,20,18,3,Thursday,False
1348,2021-03-18,2021,1,3,March,11,18,3,Thursday,False
1349,2021-10-13,2021,4,10,October,41,13,2,Wednesday,False
1350,2022-11-04,2022,4,11,November,44,4,4,Friday,False
1351,2020-08-30,2020,3,8,August,35,30,6,Sunday,True
1352,2022-08-08,2022,3,8,August,32,8,0,Monday,False
1353,2021-02-02,2021,1,2,February,5,2,1,Tuesday,False
1354,2021-11-07,2021,4,11,November,44,7,6,Sunday,True
1355,2020-11-18,2020,4,11,November,47,18,2,Wednesday,False
1356,2023-07-24,2023,3,7,July,30,24,0,Monday,False
1357,2024-03-14,2024,1,3,March,11,14,3,Thursday,False
1358,2024-11-28,2024,4,11,November,48,28,3,Thursday,False
1359,2024-12-07,2024,4,12,December,49,7,5,Saturday,True
1360,2020-12-26,2020,4,12,December,52,26,5,Saturday,True
1361,2024-05-13,2024,2,5,May,20,13,0,Monday,False
1362,2022-02-25,2022,1,2,February,8,25,4,Friday,False
1363,2021-01-05,2021,1,1,January,1,5,1,Tuesday,False
1364,2023-01-25,2023,1,1,January,4,25,2,Wednesday,False
1365,2021-01-24,2021,1,1,January,3,24,6,Sunday,True
1366,2020-01-17,2020,1,1,January,3,17,4,Friday,False
1367,2022-07-07,2022,3,7,July,27,7,3,Thursday,False
1368,2022-05-09,2022,2,5,May,19,9,0,Monday,False
1369,2021-10-09,2021,4,10,October,40,9,5,Saturday,True
1370,2021-03-24,2021,1,3,March,12,24,2,Wednesday,False
1371,2020-12-22,2020,4,12,December,52,22,1,Tuesday,False
1372,2020-01-18,2020,1,1,January,3,18,5,Saturday,True
1373,2024-07-01,2024,3,7,July,27,1,0,Monday,False
1374,2020-07-10,2020,3,7,July,28,10,4,Friday,False
1375,2024-01-14,2024,1,1,January,2,14,6,Sunday,True
1376,2020-09-11,2020,3,9,September,37,11,4,Friday,False
1377,2023-12-29,2023,4,12,December,52,29,4,Friday,False
1378,2023-11-06,2023,4,11,November,45,6,0,Monday,False
1379,2021-06-16,2021,2,6,June,24,16,2,Wednesday,False
1380,2024-06-01,2024,2,6,June,22,1,5,Saturday,True
1381,2021-10-07,2021,4,10,October,40,7,3,Thursday,False
1382,2020-10-31,2020,4,10,October,44,31,5,Saturday,True
1383,2020-07-24,2020,3,7,July,30,24,4,Friday,False
1384,2022-01-11,2022,1,1,January,2,11,1,Tuesday,False
1385,2022-09-19,2022,3,9,September,38,19,0,Monday,False
1386,2020-04-01,2020,2,4,April,14,1,2,Wednesday,False
1387,2022-07-23,2022,3,7,July,29,23,5,Saturday,True
1388,2021-02-22,2021,1,2,February,8,22,0,Monday,False
1389,2023-12-26,2023,4,12,December,52,26,1,Tuesday,False
1390,2020-06-13,2020,2,6,June,24,13,5,Saturday,True
1391,2022-01-06,2022,1,1,January,1,6,3,Thursday,False
1392,2020-02-08,2020,1,2,February,6,8,5,Saturday,True
1393,2024-01-21,2024,1,1,January,3,21,6,Sunday,True
1394,2022-02-03,2022,1,2,February,5,3,3,Thursday,False
1395,2024-03-25,2024,1,3,March,13,25,0,Monday,False
1396,2024-08-30,2024,3,8,August,35,30,4,Friday,False
1397,2024-12-17,2024,4,12,December,51,17,1,Tuesday,False
1398,2021-11-04,2021,4,11,November,44,4,3,Thursday,False
1399,2021-08-04,2021,3,8,August,31,4,2,Wednesday,False
1400,2020-09-18,2020,3,9,September,38,18,4,Friday,False
1401,2024-01-16,2024,1,1,January,3,16,1,Tuesday,False
1402,2020-03-03,2020,1,3,March,10,3,1,Tuesday,False
1403,2022-07-14,2022,3,7,July,28,14,3,Thursday,False
1404,2021-10-28,2021,4,10,October,43,28,3,Thursday,False
1405,2024-12-23,2024,4,12,December,52,23,0,Monday,False
1406,2022-05-25,2022,2,5,May,21,25,2,Wednesday,False
1407,2022-01-19,2022,1,1,January,3,19,2,Wednesday,False
1408,2021-08-25,2021,3,8,August,34,25,2,Wednesday,False
1409,2021-06-09,2021,2,6,June,23,9,2,Wednesday,False
1410,2024-03-26,2024,1,3,March,13,26,1,Tuesday,False
1411,2023-02-06,2023,1,2,February,6,6,0,Monday,False
1412,2022-12-20,2022,4,12,December,51,20,1,Tuesday,False
1413,2021-03-06,2021,1,3,March,9,6,5,Saturday,True
1414,2021-08-12,2021,3,8,August,32,12,3,Thursday,False
1415,2022-11-28,2022,4,11,November,48,28,0,Monday,False
1416,2020-04-10,2020,2,4,April,15,10,4,Friday,False
1417,2022-03-29,2022,1,3,March,13,29,1,Tuesday,False
1418,2021-10-03,2021,4,10,October,39,3,6,Sunday,True
1419,2024-02-02,2024,1,2,February,5,2,4,Friday,False
1420,2022-04-04,2022,2,4,April,14,4,0,Monday,False
1421,2022-12-04,2022,4,12,December,48,4,6,Sunday,True
1422,2020-04-09,2020,2,4,April,15,9,3,Thursday,False
1423,2020-08-27,2020,3,8,August,35,27,3,Thursday,False
1424,2024-06-17,2024,2,6,June,25,17,0,Monday,False
1425,2021-06-18,2021,2,6,June,24,18,4,Friday,False
1426,2021-10-21,2021,4,10,October,42,21,3,Thursday,False
1427,2024-05-11,2024,2,5,May,19,11,5,Saturday,True
1428,2021-07-28,2021,3,7,July,30,28,2,Wednesday,False
1429,2021-05-25,2021,2,5,May,21,25,1,Tuesday,False
1430,2022-04-10,2022,2,4,April,14,10,6,Sunday,True
1431,2021-01-26,2021,1,1,January,4,26,1,Tuesday,False
1432,2021-12-14,2021,4,12,December,50,14,1,Tuesday,False
1433,2024-07-02,2024,3,7,July,27,2,1,Tuesday,False
1434,2021-01-29,2021,1,1,January,4,29,4,Friday,False
1435,2022-04-08,2022,2,4,April,14,8,4,Friday,False
1436,2023-09-06,2023,3,9,September,36,6,2,Wednesday,False
1437,2020-12-10,2020,4,12,December,50,10,3,Thursday,False
1438,2020-10-08,2020,4,10,October,41,8,3,Thursday,False
1439,2021-04-16,2021,2,4,April,15,16,4,Friday,False
1440,2020-10-18,2020,4,10,October,42,18,6,Sunday,True
1441,2021-09-24,2021,3,9,September,38,24,4,Friday,False
1442,2021-10-24,2021,4,10,October,42,24,6,Sunday,True
1443,2020-12-23,2020,4,12,December,52,23,2,Wednesday,False
1444,2023-03-11,2023,1,3,March,10,11,5,Saturday,True
1445,2022-04-19,2022,2,4,April,16,19,1,Tuesday,False
1446,2024-01-02,2024,1,1,January,1,2,1,Tuesday,False
1447,2024-07-19,2024,3,7,July,29,19,4,Friday,False
1448,2024-04-04,2024,2,4,April,14,4,3,Thursday,False
1449,2020-06-03,2020,2,6,June,23,3,2,Wednesday,False
1450,2024-01-15,2024,1,1,January,3,15,0,Monday,False
1451,2024-01-25,2024,1,1,January,4,25,3,Thursday,False
1452,2023-02-24,2023,1,2,February,8,24,4,Friday,False
1453,2020-02-06,2020,1,2,February,6,6,3,Thursday,False
1454,2021-02-09,2021,1,2,February,6,9,1,Tuesday,False
1455,2021-09-11,2021,3,9,September,36,11,5,Saturday,True
1456,2022-02-08,2022,1,2,February,6,8,1,Tuesday,False
1457,2022-12-05,2022,4,12,December,49,5,0,Monday,False
1458,2023-11-04,2023,4,11,November,44,4,5,Saturday,True
1459,2021-08-06,2021,3,8,August,31,6,4,Friday,False
1460,2023-08-30,2023,3,8,August,35,30,2,Wednesday,False
1461,2020-01-13,2020,1,1,January,3,13,0,Monday,False
1462,2024-12-13,2024,4,12,December,50,13,4,Friday,False
1463,2022-06-29,2022,2,6,June,26,29,2,Wednesday,False
1464,2023-05-05,2023,2,5,May,18,5,4,Friday,False
1465,2021-12-24,2021,4,12,December,51,24,4,Friday,False
1466,2021-03-09,2021,1,3,March,10,9,1,Tuesday,False
1467,2020-07-14,2020,3,7,July,29,14,1,Tuesday,False
1468,2022-12-03,2022,4,12,December,48,3,5,Saturday,True
1469,2024-06-10,2024,2,6,June,24,10,0,Monday,False
1470,2022-07-10,2022,3,7,July,27,10,6,Sunday,True
1471,2021-04-22,2021,2,4,April,16,22,3,Thursday,False
1472,2023-03-14,2023,1,3,March,11,14,1,Tuesday,False
1473,2023-06-17,2023,2,6,June,24,17,5,Saturday,True
1474,2020-05-19,2020,2,5,May,21,19,1,Tuesday,False
1475,2020-08-17,2020,3,8,August,34,17,0,Monday,False
1476,2022-06-15,2022,2,6,June,24,15,2,Wednesday,False
1477,2024-01-06,2024,1,1,January,1,6,5,Saturday,True
1478,2022-03-26,2022,1,3,March,12,26,5,Saturday,True
1479,2020-06-30,2020,2,6,June,27,30,1,Tuesday,False
1480,2023-02-15,2023,1,2,February,7,15,2,Wednesday,False
1481,2021-09-07,2021,3,9,September,36,7,1,Tuesday,False
1482,2022-12-18,2022,4,12,December,50,18,6,Sunday,True
1483,2021-04-23,2021,2,4,April,16,23,4,Friday,False
1484,2024-03-04,2024,1,3,March,10,4,0,Monday,False
1485,2023-03-29,2023,1,3,March,13,29,2,Wednesday,False
1486,2021-02-13,2021,1,2,February,6,13,5,Saturday,True
1487,2023-08-27,2023,3,8,August,34,27,6,Sunday,True
1488,2021-02-15,2021,1,2,February,7,15,0,Monday,False
1489,2023-08-02,2023,3,8,August,31,2,2,Wednesday,False
1490,2020-02-27,2020,1,2,February,9,27,3,Thursday,False
1491,2020-01-08,2020,1,1,January,2,8,2,Wednesday,False
1492,2024-09-27,2024,3,9,September,39,27,4,Friday,False
1493,2021-10-04,2021,4,10,October,40,4,0,Monday,False
1494,2022-06-18,2022,2,6,June,24,18,5,Saturday,True
1495,2021-10-23,2021,4,10,October,42,23,5,Saturday,True
1496,2020-04-29,2020,2,4,April,18,29,2,Wednesday,False
1497,2022-02-22,2022,1,2,February,8,22,1,Tuesday,False
1498,2023-12-09,2023,4,12,December,49,9,5,Saturday,True
1499,2023-03-18,2023,1,3,March,11,18,5,Saturday,True
1500,2021-03-04,2021,1,3,March,9,4,3,Thursday,False
1501,2021-03-01,2021,1,3,March,9,1,0,Monday,False
1502,2024-08-10,2024,3,8,August,32,10,5,Saturday,True
1503,2022-08-20,2022,3,8,August,33,20,5,Saturday,True
1504,2022-11-26,2022,4,11,November,47,26,5,Saturday,True
1505,2022-02-23,2022,1,2,February,8,23,2,Wednesday,False
1506,2023-12-19,2023,4,12,December,51,19,1,Tuesday,False
1507,2020-12-17,2020,4,12,December,51,17,3,Thursday,False
1508,2024-05-20,2024,2,5,May,21,20,0,Monday,False
1509,2021-05-04,2021,2,5,May,18,4,1,Tuesday,False
1510,2023-09-26,2023,3,9,September,39,26,1,Tuesday,False
1511,2024-01-10,2024,1,1,January,2,10,2,Wednesday,False
1512,2022-10-03,2022,4,10,October,40,3,0,Monday,False
1513,2021-11-10,2021,4,11,November,45,10,2,Wednesday,False
1514,2024-11-06,2024,4,11,November,45,6,2,Wednesday,False
1515,2024-03-27,2024,1,3,March,13,27,2,Wednesday,False
1516,2023-07-21,2023,3,7,July,29,21,4,Friday,False
1517,2020-06-24,2020,2,6,June,26,24,2,Wednesday,False
1518,2024-04-25,2024,2,4,April,17,25,3,Thursday,False
1519,2024-07-31,2024,3,7,July,31,31,2,Wednesday,False
1520,2022-11-13,2022,4,11,November,45,13,6,Sunday,True
1521,2022-11-23,2022,4,11,November,47,23,2,Wednesday,False
1522,2024-09-30,2024,3,9,September,40,30,0,Monday,False
1523,2024-03-02,2024,1,3,March,9,2,5,Saturday,True
1524,2020-03-13,2020,1,3,March,11,13,4,Friday,False
1525,2024-11-18,2024,4,11,November,47,18,0,Monday,False
1526,2021-12-31,2021,4,12,December,52,31,4,Friday,False
1527,2022-04-11,2022,2,4,April,15,11,0,Monday,False
1528,2022-09-18,2022,3,9,September,37,18,6,Sunday,True
1529,2021-05-16,2021,2,5,May,19,16,6,Sunday,True
1530,2023-02-08,2023,1,2,February,6,8,2,Wednesday,False
1531,2020-09-10,2020,3,9,September,37,10,3,Thursday,False
1532,2022-01-21,2022,1,1,January,3,21,4,Friday,False
1533,2023-03-24,2023,1,3,March,12,24,4,Friday,False
1534,2024-10-21,2024,4,10,October,43,21,0,Monday,False
1535,2021-05-17,2021,2,5,May,20,17,0,Monday,False
1536,2022-11-10,2022,4,11,November,45,10,3,Thursday,False
1537,2024-11-23,2024,4,11,November,47,23,5,Saturday,True
1538,2024-08-20,2024,3,8,August,34,20,1,Tuesday,False
1539,2022-08-03,2022,3,8,August,31,3,2,Wednesday,False
1540,2024-08-17,2024,3,8,August,33,17,5,Saturday,True
1541,2021-07-08,2021,3,7,July,27,8,3,Thursday,False
1542,2024-04-30,2024,2,4,April,18,30,1,Tuesday,False
1543,2020-05-13,2020,2,5,May,20,13,2,Wednesday,False
1544,2022-07-27,2022,3,7,July,30,27,2,Wednesday,False
1545,2023-10-23,2023,4,10,October,43,23,0,Monday,False
1546,2022-01-18,2022,1,1,January,3,18,1,Tuesday,False
1547,2023-03-25,2023,1,3,March,12,25,5,Saturday,True
1548,2020-09-20,2020,3,9,September,38,20,6,Sunday,True
1549,2022-09-14,2022,3,9,September,37,14,2,Wednesday,False
1550,2021-03-20,2021,1,3,March,11,20,5,Saturday,True
1551,2022-12-28,2022,4,12,December,52,28,2,Wednesday,False
1552,2024-04-27,2024,2,4,April,17,27,5,Saturday,True
1553,2023-08-29,2023,3,8,August,35,29,1,Tuesday,False
1554,2021-01-28,2021,1,1,January,4,28,3,Thursday,False
1555,2024-04-09,2024,2,4,April,15,9,1,Tuesday,False
1556,2021-03-30,2021,1,3,March,13,30,1,Tuesday,False
1557,2021-10-12,2021,4,10,October,41,12,1,Tuesday,False
1558,2024-03-21,2024,1,3,March,12,21,3,Thursday,False
1559,2022-06-06,2022,2,6,June,23,6,0,Monday,False
1560,2024-12-01,2024,4,12,December,48,1,6,Sunday,True
1561,2020-07-19,2020,3,7,July,29,19,6,Sunday,True
1562,2024-04-10,2024,2,4,April,15,10,2,Wednesday,False
1563,2023-06-26,2023,2,6,June,26,26,0,Monday,False
1564,2024-10-24,2024,4,10,October,43,24,3,Thursday,False
1565,2020-12-20,2020,4,12,December,51,20,6,Sunday,True
1566,2020-04-15,2020,2,4,April,16,15,2,Wednesday,False
1567,2022-06-26,2022,2,6,June,25,26,6,Sunday,True
1568,2020-06-23,2020,2,6,June,26,23,1,Tuesday,False
1569,2023-01-30,2023,1,1,January,5,30,0,Monday,False
1570,2023-12-10,2023,4,12,December,49,10,6,Sunday,True
1571,2020-03-15,2020,1,3,March,11,15,6,Sunday,True
1572,2023-07-04,2023,3,7,July,27,4,1,Tuesday,False
1573,2021-03-27,2021,1,3,March,12,27,5,Saturday,True
1574,2021-09-06,2021,3,9,September,36,6,0,Monday,False
1575,2020-06-26,2020,2,6,June,26,26,4,Friday,False
1576,2020-01-27,2020,1,1,January,5,27,0,Monday,False
1577,2024-01-31,2024,1,1,January,5,31,2,Wednesday,False
1578,2023-12-18,2023,4,12,December,51,18,0,Monday,False
1579,2020-11-22,2020,4,11,November,47,22,6,Sunday,True
1580,2023-06-03,2023,2,6,June,22,3,5,Saturday,True
1581,2021-05-29,2021,2,5,May,21,29,5,Saturday,True
1582,2021-12-17,2021,4,12,December,50,17,4,Friday,False
1583,2021-03-08,2021,1,3,March,10,8,0,Monday,False
1584,2020-02-22,2020,1,2,February,8,22,5,Saturday,True
1585,2021-03-03,2021,1,3,March,9,3,2,Wednesday,False
1586,2024-10-01,2024,4,10,October,40,1,1,Tuesday,False
1587,2024-04-03,2024,2,4,April,14,3,2,Wednesday,False
1588,2024-10-07,2024,4,10,October,41,7,0,Monday,False
1589,2020-09-24,2020,3,9,September,39,24,3,Thursday,False
1590,2024-06-04,2024,2,6,June,23,4,1,Tuesday,False
1591,2024-08-02,2024,3,8,August,31,2,4,Friday,False
1592,2022-04-22,2022,2,4,April,16,22,4,Friday,False
1593,2024-02-25,2024,1,2,February,8,25,6,Sunday,True
1594,2020-07-05,2020,3,7,July,27,5,6,Sunday,True
1595,2022-10-14,2022,4,10,October,41,14,4,Friday,False
1596,2021-03-17,2021,1,3,March,11,17,2,Wednesday,False
1597,2024-11-14,2024,4,11,November,46,14,3,Thursday,False
1598,2022-12-13,2022,4,12,December,50,13,1,Tuesday,False
1599,2024-10-02,2024,4,10,October,40,2,2,Wednesday,False
1600,2023-09-12,2023,3,9,September,37,12,1,Tuesday,False
1601,2021-09-13,2021,3,9,September,37,13,0,Monday,False
1602,2020-08-21,2020,3,8,August,34,21,4,Friday,False
1603,2022-12-25,2022,4,12,December,51,25,6,Sunday,True
1604,2020-05-23,2020,2,5,May,21,23,5,Saturday,True
1605,2022-03-28,2022,1,3,March,13,28,0,Monday,False
1606,2021-01-25,2021,1,1,January,4,25,0,Monday,False
1607,2024-08-07,2024,3,8,August,32,7,2,Wednesday,False
1608,2022-10-11,2022,4,10,October,41,11,1,Tuesday,False
1609,2023-11-30,2023,4,11,November,48,30,3,Thursday,False
1610,2021-09-01,2021,3,9,September,35,1,2,Wednesday,False
1611,2021-04-21,2021,2,4,April,16,21,2,Wednesday,False
1612,2022-01-14,2022,1,1,January,2,14,4,Friday,False
1613,2020-12-12,2020,4,12,December,50,12,5,Saturday,True
1614,2022-12-08,2022,4,12,December,49,8,3,Thursday,False
1615,2024-05-30,2024,2,5,May,22,30,3,Thursday,False
1616,2020-10-11,2020,4,10,October,41,11,6,Sunday,True
1617,2023-04-30,2023,2,4,April,17,30,6,Sunday,True
1618,2023-12-20,2023,4,12,December,51,20,2,Wednesday,False
1619,2023-06-13,2023,2,6,June,24,13,1,Tuesday,False
1620,2024-09-20,2024,3,9,September,38,20,4,Friday,False
1621,2024-04-28,2024,2,4,April,17,28,6,Sunday,True
1622,2022-02-05,2022,1,2,February,5,5,5,Saturday,True
1623,2022-04-23,2022,2,4,April,16,23,5,Saturday,True
1624,2023-05-03,2023,2,5,May,18,3,2,Wednesday,False
1625,2024-03-19,2024,1,3,March,12,19,1,Tuesday,False
1626,2020-10-20,2020,4,10,October,43,20,1,Tuesday,False
1627,2024-09-11,2024,3,9,September,37,11,2,Wednesday,False
1628,2024-12-11,2024,4,12,December,50,11,2,Wednesday,False
1629,2024-08-15,2024,3,8,August,33,15,3,Thursday,False
1630,2024-09-10,2024,3,9,September,37,10,1,Tuesday,False
1631,2024-05-07,2024,2,5,May,19,7,1,Tuesday,False
1632,2023-05-13,2023,2,5,May,19,13,5,Saturday,True
1633,2021-10-31,2021,4,10,October,43,31,6,Sunday,True
1634,2021-03-14,2021,1,3,March,10,14,6,Sunday,True
1635,2020-05-02,2020,2,5,May,18,2,5,Saturday,True
1636,2020-08-26,2020,3,8,August,35,26,2,Wednesday,False
1637,2024-01-24,2024,1,1,January,4,24,2,Wednesday,False
1638,2020-06-08,2020,2,6,June,24,8,0,Monday,False
1639,2021-10-22,2021,4,10,October,42,22,4,Friday,False
1640,2020-12-13,2020,4,12,December,50,13,6,Sunday,True
1641,2024-08-08,2024,3,8,August,32,8,3,Thursday,False
1642,2020-02-15,2020,1,2,February,7,15,5,Saturday,True
1643,2024-05-22,2024,2,5,May,21,22,2,Wednesday,False
1644,2024-05-31,2024,2,5,May,22,31,4,Friday,False
1645,2020-11-23,2020,4,11,November,48,23,0,Monday,False
1646,2021-04-06,2021,2,4,April,14,6,1,Tuesday,False
1647,2023-08-14,2023,3,8,August,33,14,0,Monday,False
1648,2020-05-28,2020,2,5,May,22,28,3,Thursday,False
1649,2024-11-09,2024,4,11,November,45,9,5,Saturday,True
1650,2020-11-20,2020,4,11,November,47,20,4,Friday,False
1651,2024-11-29,2024,4,11,November,48,29,4,Friday,False
1652,2023-11-16,2023,4,11,November,46,16,3,Thursday,False
1653,2020-07-29,2020,3,7,July,31,29,2,Wednesday,False
1654,2021-11-13,2021,4,11,November,45,13,5,Saturday,True
1655,2024-07-20,2024,3,7,July,29,20,5,Saturday,True
1656,2024-01-30,2024,1,1,January,5,30,1,Tuesday,False
1657,2024-09-19,2024,3,9,September,38,19,3,Thursday,False
1658,2022-03-03,2022,1,3,March,9,3,3,Thursday,False
1659,2022-06-05,2022,2,6,June,22,5,6,Sunday,True
1660,2024-10-09,2024,4,10,October,41,9,2,Wednesday,False
1661,2024-09-07,2024,3,9,September,36,7,5,Saturday,True
1662,2024-05-21,2024,2,5,May,21,21,1,Tuesday,False
1663,2024-09-14,2024,3,9,September,37,14,5,Saturday,True
1664,2024-08-31,2024,3,8,August,35,31,5,Saturday,True
1665,2021-09-09,2021,3,9,September,36,9,3,Thursday,False
1666,2020-09-05,2020,3,9,September,36,5,5,Saturday,True
1667,2024-11-03,2024,4,11,November,44,3,6,Sunday,True
1668,2024-08-25,2024,3,8,August,34,25,6,Sunday,True
1669,2024-09-12,2024,3,9,September,37,12,3,Thursday,False
1670,2020-11-27,2020,4,11,November,48,27,4,Friday,False
1671,2023-01-27,2023,1,1,January,4,27,4,Friday,False
1672,2024-12-25,2024,4,12,December,52,25,2,Wednesday,False
1673,2020-09-26,2020,3,9,September,39,26,5,Saturday,True
1674,2024-11-25,2024,4,11,November,48,25,0,Monday,False
1675,2023-11-09,2023,4,11,November,45,9,3,Thursday,False
1676,2024-08-09,2024,3,8,August,32,9,4,Friday,False
1677,2023-05-30,2023,2,5,May,22,30,1,Tuesday,False
1678,2021-09-30,2021,3,9,September,39,30,3,Thursday,False
1679,2020-10-14,2020,4,10,October,42,14,2,Wednesday,False
1680,2020-01-09,2020,1,1,January,2,9,3,Thursday,False
1681,2023-08-20,2023,3,8,August,33,20,6,Sunday,True
1682,2024-02-14,2024,1,2,February,7,14,2,Wednesday,False
1683,2020-03-19,2020,1,3,March,12,19,3,Thursday,False
1684,2024-07-07,2024,3,7,July,27,7,6,Sunday,True
1685,2020-11-21,2020,4,11,November,47,21,5,Saturday,True
1686,2022-08-31,2022,3,8,August,35,31,2,Wednesday,False
1687,2024-06-13,2024,2,6,June,24,13,3,Thursday,False
1688,2024-07-25,2024,3,7,July,30,25,3,Thursday,False
1689,2020-11-24,2020,4,11,November,48,24,1,Tuesday,False
1690,2023-07-22,2023,3,7,July,29,22,5,Saturday,True
1691,2023-10-21,2023,4,10,October,42,21,5,Saturday,True
1692,2024-07-10,2024,3,7,July,28,10,2,Wednesday,False
1693,2021-07-13,2021,3,7,July,28,13,1,Tuesday,False
1694,2020-03-25,2020,1,3,March,13,25,2,Wednesday,False
1695,2024-07-26,2024,3,7,July,30,26,4,Friday,False
1696,2024-09-15,2024,3,9,September,37,15,6,Sunday,True
1697,2023-11-27,2023,4,11,November,48,27,0,Monday,False
1698,2024-06-03,2024,2,6,June,23,3,0,Monday,False
1699,2023-01-13,2023,1,1,January,2,13,4,Friday,False
1700,2024-06-18,2024,2,6,June,25,18,1,Tuesday,False
1701,2024-05-06,2024,2,5,May,19,6,0,Monday,False
1702,2024-06-28,2024,2,6,June,26,28,4,Friday,False
1703,2021-06-19,2021,2,6,June,24,19,5,Saturday,True
1704,2020-04-07,2020,2,4,April,15,7,1,Tuesday,False
1705,2023-03-08,2023,1,3,March,10,8,2,Wednesday,False
1706,2021-01-27,2021,1,1,January,4,27,2,Wednesday,False
1707,2024-12-21,2024,4,12,December,51,21,5,Saturday,True
1708,2022-01-08,2022,1,1,January,1,8,5,Saturday,True
1709,2023-11-12,2023,4,11,November,45,12,6,Sunday,True
1710,2022-06-27,2022,2,6,June,26,27,0,Monday,False
1711,2023-05-08,2023,2,5,May,19,8,0,Monday,False
1712,2022-06-08,2022,2,6,June,23,8,2,Wednesday,False
1713,2024-07-09,2024,3,7,July,28,9,1,Tuesday,False
1714,2023-07-26,2023,3,7,July,30,26,2,Wednesday,False
1715,2022-05-22,2022,2,5,May,20,22,6,Sunday,True
1716,2024-01-13,2024,1,1,January,2,13,5,Saturday,True
1717,2022-06-11,2022,2,6,June,23,11,5,Saturday,True
1718,2024-09-13,2024,3,9,September,37,13,4,Friday,False
1719,2020-04-12,2020,2,4,April,15,12,6,Sunday,True
1720,2024-11-13,2024,4,11,November,46,13,2,Wednesday,False
1721,2020-09-06,2020,3,9,September,36,6,6,Sunday,True
1722,2022-04-21,2022,2,4,April,16,21,3,Thursday,False
1723,2024-04-18,2024,2,4,April,16,18,3,Thursday,False
1724,2022-09-27,2022,3,9,September,39,27,1,Tuesday,False
1725,2024-10-06,2024,4,10,October,40,6,6,Sunday,True
1726,2023-10-08,2023,4,10,October,40,8,6,Sunday,True
1727,2024-12-16,2024,4,12,December,51,16,0,Monday,False
1728,2024-06-09,2024,2,6,June,23,9,6,Sunday,True
1729,2024-03-10,2024,1,3,March,10,10,6,Sunday,True
1730,2024-07-11,2024,3,7,July,28,11,3,Thursday,False
1731,2024-10-17,2024,4,10,October,42,17,3,Thursday,False
1732,2024-03-09,2024,1,3,March,10,9,5,Saturday,True
1733,2023-11-13,2023,4,11,November,46,13,0,Monday,False
1734,2020-09-29,2020,3,9,September,40,29,1,Tuesday,False
1735,2020-12-15,2020,4,12,December,51,15,1,Tuesday,False
1736,2024-05-23,2024,2,5,May,21,23,3,Thursday,False
1737,2024-06-19,2024,2,6,June,25,19,2,Wednesday,False
1738,2020-10-19,2020,4,10,October,43,19,0,Monday,False
1739,2024-12-26,2024,4,12,December,52,26,3,Thursday,False
1740,2024-08-04,2024,3,8,August,31,4,6,Sunday,True
1741,2024-11-02,2024,4,11,November,44,2,5,Saturday,True
1742,2020-02-26,2020,1,2,February,9,26,2,Wednesday,False
1743,2021-01-19,2021,1,1,January,3,19,1,Tuesday,False
1744,2024-10-23,2024,4,10,October,43,23,2,Wednesday,False
1745,2023-10-09,2023,4,10,October,41,9,0,Monday,False
1746,2022-03-27,2022,1,3,March,12,27,6,Sunday,True
1747,2024-08-29,2024,3,8,August,35,29,3,Thursday,False
1748,2024-08-24,2024,3,8,August,34,24,5,Saturday,True
1749,2023-04-09,2023,2,4,April,14,9,6,Sunday,True
1750,2021-09-16,2021,3,9,September,37,16,3,Thursday,False
1751,2024-10-08,2024,4,10,October,41,8,1,Tuesday,False
1752,2024-05-16,2024,2,5,May,20,16,3,Thursday,False
1753,2022-10-26,2022,4,10,October,43,26,2,Wednesday,False
1754,2020-09-03,2020,3,9,September,36,3,3,Thursday,False
1755,2021-03-26,2021,1,3,March,12,26,4,Friday,False
1756,2021-05-05,2021,2,5,May,18,5,2,Wednesday,False
1757,2024-05-29,2024,2,5,May,22,29,2,Wednesday,False
1758,2024-07-27,2024,3,7,July,30,27,5,Saturday,True
1759,2024-11-05,2024,4,11,November,45,5,1,Tuesday,False
1760,2024-09-01,2024,3,9,September,35,1,6,Sunday,True
1761,2022-07-17,2022,3,7,July,28,17,6,Sunday,True
1762,2024-05-12,2024,2,5,May,19,12,6,Sunday,True
1763,2024-05-26,2024,2,5,May,21,26,6,Sunday,True
1764,2024-09-22,2024,3,9,September,38,22,6,Sunday,True
1765,2020-11-10,2020,4,11,November,46,10,1,Tuesday,False
1766,2024-12-04,2024,4,12,December,49,4,2,Wednesday,False
1767,2020-10-06,2020,4,10,October,41,6,1,Tuesday,False
1768,2024-07-13,2024,3,7,July,28,13,5,Saturday,True
1769,2024-08-28,2024,3,8,August,35,28,2,Wednesday,False
1770,2024-10-30,2024,4,10,October,44,30,2,Wednesday,False
1771,2024-06-30,2024,2,6,June,26,30,6,Sunday,True
1772,2024-09-17,2024,3,9,September,38,17,1,Tuesday,False
1773,2024-06-14,2024,2,6,June,24,14,4,Friday,False
1774,2024-11-15,2024,4,11,November,46,15,4,Friday,False
1775,2024-08-27,2024,3,8,August,35,27,1,Tuesday,False
1776,2020-07-20,2020,3,7,July,30,20,0,Monday,False
1777,2024-06-11,2024,2,6,June,24,11,1,Tuesday,False
1778,2020-04-24,2020,2,4,April,17,24,4,Friday,False
1779,2024-11-22,2024,4,11,November,47,22,4,Friday,False
1780,2024-07-23,2024,3,7,July,30,23,1,Tuesday,False
1781,2020-03-29,2020,1,3,March,13,29,6,Sunday,True
1782,2024-12-19,2024,4,12,December,51,19,3,Thursday,False
1783,2024-12-22,2024,4,12,December,51,22,6,Sunday,True
1784,2024-07-05,2024,3,7,July,27,5,4,Friday,False
1785,2024-12-05,2024,4,12,December,49,5,3,Thursday,False
1786,2024-12-03,2024,4,12,December,49,3,1,Tuesday,False
1787,2024-07-08,2024,3,7,July,28,8,0,Monday,False
1788,2024-05-15,2024,2,5,May,20,15,2,Wednesday,False
1789,2024-10-12,2024,4,10,October,41,12,5,Saturday,True
1790,2024-12-30,2024,4,12,December,1,30,0,Monday,False
1791,2024-09-04,2024,3,9,September,36,4,2,Wednesday,False
1792,2024-08-23,2024,3,8,August,34,23,4,Friday,False
1793,2024-07-17,2024,3,7,July,29,17,2,Wednesday,False
1794,2024-05-09,2024,2,5,May,19,9,3,Thursday,False
1795,2021-12-05,2021,4,12,December,48,5,6,Sunday,True
1796,2024-11-12,2024,4,11,November,46,12,1,Tuesday,False
1797,2024-06-02,2024,2,6,June,22,2,6,Sunday,True
1798,2024-07-22,2024,3,7,July,30,22,0,Monday,False
1799,2024-07-06,2024,3,7,July,27,6,5,Saturday,True
1800,2024-10-25,2024,4,10,October,43,25,4,Friday,False
1801,2024-05-18,2024,2,5,May,20,18,5,Saturday,True
1802,2024-12-06,2024,4,12,December,49,6,4,Friday,False
1803,2024-06-06,2024,2,6,June,23,6,3,Thursday,False
1804,2024-10-14,2024,4,10,October,42,14,0,Monday,False
1805,2024-09-28,2024,3,9,September,39,28,5,Saturday,True
1806,2024-10-05,2024,4,10,October,40,5,5,Saturday,True
1807,2024-10-10,2024,4,10,October,41,10,3,Thursday,False
1808,2024-12-18,2024,4,12,December,51,18,2,Wednesday,False
1809,2024-10-16,2024,4,10,October,42,16,2,Wednesday,False
1810,2024-12-10,2024,4,12,December,50,10,1,Tuesday,False
1811,2024-12-28,2024,4,12,December,52,28,5,Saturday,True
1812,2024-12-24,2024,4,12,December,52,24,1,Tuesday,False
1813,2024-08-03,2024,3,8,August,31,3,5,Saturday,True
1814,2024-10-18,2024,4,10,October,42,18,4,Friday,False
1815,2024-10-29,2024,4,10,October,44,29,1,Tuesday,False
1816,2024-06-23,2024,2,6,June,25,23,6,Sunday,True
1817,2024-10-15,2024,4,10,October,42,15,1,Tuesday,False
1818,2024-05-14,2024,2,5,May,20,14,1,Tuesday,False
1819,2024-06-29,2024,2,6,June,26,29,5,Saturday,True
1820,2024-12-29,2024,4,12,December,52,29,6,Sunday,True
1821,2024-05-25,2024,2,5,May,21,25,5,Saturday,True
1822,2024-11-30,2024,4,11,November,48,30,5,Saturday,True
1823,2024-10-22,2024,4,10,October,43,22,1,Tuesday,False
1824,2024-11-27,2024,4,11,November,48,27,2,Wednesday,False
1825,2024-11-07,2024,4,11,November,45,7,3,Thursday,False
